"","Name","position","playerid","IP","ERA","WHIP","SV","W","K","adjusted_points","dollar_value"
"5","Clayton Kershaw","pitcher","2036",232,2.29,0.99,0,18,0,8.87,24.98
"10","Felix Hernandez","pitcher","4772",217,2.78,1.06,0,15,0,5.85,16.47
"13","Max Scherzer","pitcher","3137",211,2.77,1.07,0,16,0,5.82,16.38
"27","Madison Bumgarner","pitcher","5524",221,2.88,1.09,0,16,0,5.7,16.05
"26","Chris Sale","pitcher","10603",216,2.92,1.08,0,15,0,5.34,15.04
"1","Aroldis Chapman","pitcher","10233",65,1.6,0.92,39,5,1,5.12,14.42
"17","Corey Kluber","pitcher","2429",212,3.06,1.11,0,15,0,4.64,13.08
"2","Craig Kimbrel","pitcher","6655",65,1.78,0.96,39,4,1,4.64,13.06
"117","Johnny Cueto","pitcher","6893",205,3.09,1.12,0,15,0,4.3,12.11
"16","Koji Uehara","pitcher","9227",65,2.47,0.97,36,5,2,4.07,11.48
"22","Stephen Strasburg","pitcher","10131",191,2.97,1.1,0,14,0,4.07,11.47
"35","Zack Greinke","pitcher","1943",202,3.05,1.12,0,14,0,4.04,11.37
"8","Mark Melancon","pitcher","4264",65,2.56,1.07,40,4,1,3.98,11.21
"6","Jake McGee","pitcher","7550",65,2.38,1.03,38,4,2,3.95,11.14
"19","Trevor Rosenthal","pitcher","10745",65,2.66,1.16,42,4,1,3.91,11
"4","Greg Holland","pitcher","7196",65,2.21,1.04,37,4,1,3.85,10.86
"53","Jon Lester","pitcher","4930",214,3.19,1.17,0,15,0,3.8,10.71
"47","David Price","pitcher","3184",220,3.45,1.15,0,15,0,3.68,10.36
"12","Joaquin Benoit","pitcher","1437",65,2.5,1.06,37,4,3,3.67,10.33
"18","Steve Cishek","pitcher","6483",65,2.87,1.17,39,5,1,3.59,10.11
"90","Masahiro Tanaka","pitcher","15764",211,3.44,1.12,0,14,0,3.58,10.08
"36","Adam Wainwright","pitcher","2233",197,3.15,1.14,0,14,0,3.54,9.96
"96","Drew Storen","pitcher","6983",65,3.31,1.19,43,3,2,3.36,9.46
"97","Hisashi Iwakuma","pitcher","13048",204,3.41,1.12,0,13,0,3.22,9.07
"42","James Shields","pitcher","7059",217,3.22,1.16,0,12,0,3.18,8.95
"63","Jordan Zimmermann","pitcher","4505",191,3.22,1.13,0,13,0,3.12,8.8
"58","Hector Rondon","pitcher","2391",65,3.34,1.21,40,4,1,3.08,8.69
"40","Cody Allen","pitcher","12183",65,3.05,1.19,38,4,2,3.05,8.6
"51","Fernando Rodney","pitcher","494",65,3.22,1.26,40,4,2,3,8.46
"89","Cole Hamels","pitcher","4972",216,3.4,1.16,0,12,0,2.82,7.95
"166","Huston Street","pitcher","8258",65,3.35,1.17,37,4,2,2.81,7.92
"78","Jonathan Papelbon","pitcher","5975",65,3.27,1.15,36,4,2,2.78,7.84
"50","Hyun-Jin Ryu","pitcher","14444",188,3.27,1.16,0,13,0,2.68,7.56
"45","Phil Hughes","pitcher","7450",204,3.7,1.15,0,14,0,2.65,7.48
"223","Francisco Rodriguez","pitcher","1642",65,3.6,1.22,38,4,2,2.65,7.46
"52","Brett Cecil","pitcher","2660",65,3.25,1.23,36,4,2,2.53,7.12
"124","Zach Britton","pitcher","3240",65,3.22,1.24,37,3,2,2.4,6.76
"7","Sean Doolittle","pitcher","1581",55,2.3,0.99,28,4,4,2.38,6.69
"32","Glen Perkins","pitcher","8041",65,3.15,1.14,34,3,1,2.33,6.57
"11","Dellin Betances","pitcher","6216",65,2.52,1.11,30,3,5,2.3,6.48
"30","Matt Harvey","pitcher","11713",173,3.06,1.13,0,10,0,2.17,6.11
"81","Alex Cobb","pitcher","6562",197,3.34,1.22,0,13,0,2.16,6.09
"208","Julio Teheran","pitcher","6797",197,3.5,1.18,0,12,0,2.05,5.77
"176","Doug Fister","pitcher","9425",192,3.51,1.2,0,13,0,1.99,5.6
"173","Matt Shoemaker","pitcher","4776",196,3.69,1.18,0,13,0,1.96,5.53
"15","David Robertson","pitcher","8241",65,2.93,1.13,25,4,6,1.58,4.44
"152","John Lackey","pitcher","1507",184,3.61,1.19,0,12,0,1.53,4.31
"65","Gerrit Cole","pitcher","13125",177,3.44,1.21,0,12,0,1.48,4.16
"134","Lance Lynn","pitcher","2520",183,3.47,1.25,0,13,0,1.42,3.99
"214","Homer Bailey","pitcher","8362",185,3.6,1.19,0,11,0,1.31,3.7
"79","Alex Wood","pitcher","13781",174,3.38,1.21,0,11,0,1.26,3.55
"140","Sonny Gray","pitcher","12768",198,3.56,1.28,0,13,0,1.2,3.39
"256","Mike Fiers","pitcher","7754",169,3.77,1.17,0,12,0,1.2,3.39
"161","Luke Gregerson","pitcher","4090",65,3.61,1.23,27,4,5,1.13,3.18
"222","Justin Verlander","pitcher","8700",209,3.9,1.27,0,14,0,1.11,3.13
"422","Jered Weaver","pitcher","4235",204,3.91,1.24,0,13,0,1.1,3.1
"49","Garrett Richards","pitcher","9784",157,3.29,1.21,0,11,0,1.06,2.98
"391","Neftali Feliz","pitcher","18",65,3.87,1.33,32,3,2,1.04,2.94
"187","Scott Kazmir","pitcher","4897",177,3.68,1.22,0,12,0,1.03,2.89
"174","Jeff Samardzija","pitcher","3254",208,3.9,1.23,0,12,0,1.03,2.89
"85","Brandon McCarthy","pitcher","4662",167,3.64,1.18,0,11,0,1.02,2.86
"57","Francisco Liriano","pitcher","3201",169,3.39,1.26,0,12,0,0.97,2.73
"67","Tyson Ross","pitcher","7872",169,3.36,1.24,0,11,0,0.93,2.63
"192","Rick Porcello","pitcher","2717",196,3.83,1.26,0,13,0,0.93,2.62
"159","Dallas Keuchel","pitcher","9434",215,3.78,1.29,0,13,0,0.93,2.61
"23","Jose Fernandez","pitcher","11530",129,2.87,1.14,0,9,0,0.93,2.61
"226","Collin McHugh","pitcher","7531",192,3.81,1.24,0,12,0,0.86,2.41
"206","Jake Peavy","pitcher","1051",171,3.52,1.2,0,10,0,0.84,2.36
"71","Anibal Sanchez","pitcher","3284",163,3.6,1.2,0,11,0,0.83,2.34
"180","Ian Kennedy","pitcher","6986",200,3.71,1.25,0,11,0,0.78,2.21
"104","Gio Gonzalez","pitcher","7448",162,3.48,1.25,0,11,0,0.56,1.59
"239","Michael Pineda","pitcher","5372",170,3.76,1.2,0,10,0,0.47,1.34
"311","CC Sabathia","pitcher","404",210,4.12,1.25,0,12,0,0.45,1.26
"105","Jenrry Mejia","pitcher","8476",65,3.53,1.27,22,4,9,0.42,1.18
"482","R.A. Dickey","pitcher","1245",209,4.1,1.28,0,13,0,0.4,1.13
"200","Joe Nathan","pitcher","1122",65,3.77,1.31,24,4,7,0.4,1.11
"9","Andrew Miller","pitcher","6785",65,2.51,1.08,11,5,12,0.38,1.08
"237","Yordano Ventura","pitcher","11855",174,3.68,1.29,0,12,0,0.35,1
"113","Michael Wacha","pitcher","14078",149,3.43,1.2,0,9,0,0.3,0.84
"188","Mat Latos","pitcher","3815",192,3.74,1.26,0,10,0,0.27,0.77
"3","Kenley Jansen","pitcher","3096",65,2.16,0.97,7,4,16,0.21,0.6
"227","Chris Archer","pitcher","6345",182,3.68,1.29,0,11,0,0.2,0.57
"279","Matt Cain","pitcher","4732",168,3.7,1.21,0,9,0,0.19,0.54
"69","Bobby Parnell","pitcher","9926",65,3.4,1.24,19,4,9,0.17,0.48
"84","Jacob deGrom","pitcher","10954",165,3.57,1.23,0,9,0,0.15,0.44
"116","Danny Salazar","pitcher","5867",145,3.63,1.21,0,10,0,0.15,0.43
"62","Carlos Carrasco","pitcher","6632",162,3.61,1.22,0,9,0,0.13,0.38
"146","Jake Arrieta","pitcher","4153",163,3.63,1.25,0,10,0,0.12,0.34
"46","Sergio Romo","pitcher","9817",65,2.95,1.1,11,5,12,0.08,0.21
"394","Wei-Yin Chen","pitcher","13071",175,4.02,1.24,0,11,0,0.06,0.17
"156","Tim Hudson","pitcher","921",181,3.79,1.26,0,10,0,0.05,0.14
"119","Andrew Cashner","pitcher","8782",163,3.63,1.23,0,9,0,0.04,0.11
"145","Tyler Clippard","pitcher","5640",65,3.02,1.17,12,5,12,-0.06,-0.16
"355","Mike Leake","pitcher","10130",181,3.93,1.25,0,10,0,-0.07,-0.2
"316","Derek Holland","pitcher","4141",195,4.03,1.28,0,11,0,-0.11,-0.32
"139","Santiago Casilla","pitcher","2873",65,3.27,1.25,14,5,13,-0.16,-0.45
"249","Bartolo Colon","pitcher","375",176,4.08,1.23,0,10,0,-0.18,-0.5
"212","Jose Quintana","pitcher","11423",184,3.89,1.28,0,10,0,-0.25,-0.72
"154","Drew Smyly","pitcher","11760",121,3.39,1.17,0,8,0,-0.26,-0.73
"468","Kyle Lohse","pitcher","739",193,4.17,1.25,0,10,0,-0.32,-0.89
"363","Shelby Miller","pitcher","10197",167,3.82,1.28,0,10,0,-0.34,-0.97
"340","Matt Garza","pitcher","3340",186,4.03,1.27,0,10,0,-0.36,-1.01
"254","Dan Haren","pitcher","1757",158,4,1.24,0,10,0,-0.37,-1.03
"68","Joakim Soria","pitcher","6941",65,3.39,1.21,14,4,10,-0.4,-1.13
"59","Yusmeiro Petit","pitcher","4020",92,3.29,1.12,5,5,9,-0.42,-1.19
"350","Drew Hutchison","pitcher","10732",167,4.14,1.27,0,11,0,-0.46,-1.3
"234","Henderson Alvarez","pitcher","5669",166,3.84,1.29,0,10,0,-0.47,-1.32
"251","James Paxton","pitcher","11828",170,3.87,1.32,0,11,0,-0.48,-1.35
"269","Jason Hammel","pitcher","4538",161,3.88,1.25,0,9,0,-0.5,-1.4
"503","Chris Tillman","pitcher","5279",197,4.16,1.3,0,11,0,-0.51,-1.45
"515","Jason Vargas","pitcher","8044",191,4.24,1.27,0,10,0,-0.65,-1.82
"148","Zack Wheeler","pitcher","10310",148,3.64,1.29,0,9,0,-0.67,-1.88
"460","Josh Collmenter","pitcher","7312",184,4.16,1.28,0,10,0,-0.68,-1.9
"194","A.J. Burnett","pitcher","512",184,3.96,1.34,0,11,0,-0.68,-1.91
"333","Mike Minor","pitcher","10021",145,3.85,1.22,0,8,0,-0.69,-1.95
"245","Jon Niese","pitcher","4424",178,3.92,1.29,0,9,0,-0.71,-1.99
"520","Marco Estrada","pitcher","1118",175,4.38,1.25,0,10,1,-0.79,-2.23
"418","Tony Cingrani","pitcher","12555",157,3.79,1.3,0,9,0,-0.83,-2.34
"292","Wade Miley","pitcher","8779",173,4.04,1.34,0,11,0,-0.88,-2.47
"428","Mark Buehrle","pitcher","225",204,4.27,1.35,0,12,0,-0.92,-2.6
"213","Kyle Hendricks","pitcher","12049",133,3.78,1.24,0,8,0,-0.92,-2.6
"56","Cliff Lee","pitcher","1636",106,3.47,1.13,0,6,0,-0.93,-2.61
"419","Jake Odorizzi","pitcher","6397",167,4.06,1.31,0,10,0,-0.94,-2.65
"373","C.J. Wilson","pitcher","3580",194,4.14,1.38,0,12,0,-1.05,-2.96
"375","Kevin Gausman","pitcher","14107",160,4.11,1.31,0,10,0,-1.06,-3
"374","Clay Buchholz","pitcher","3543",180,4.15,1.32,0,10,0,-1.06,-3
"425","Danny Duffy","pitcher","3542",139,3.71,1.32,0,9,0,-1.08,-3.03
"14","Wade Davis","pitcher","7441",65,2.54,1.11,1,5,14,-1.09,-3.08
"24","Brad Boxberger","pitcher","10133",65,2.63,1.11,3,4,14,-1.11,-3.13
"191","Tanner Roark","pitcher","8753",95,3.49,1.19,0,6,15,-1.18,-3.32
"102","Addison Reed","pitcher","10586",65,3.42,1.17,7,4,14,-1.19,-3.34
"385","J.A. Happ","pitcher","7410",158,4.13,1.32,0,10,0,-1.19,-3.35
"436","Drew Pomeranz","pitcher","11426",160,4.01,1.35,0,10,1,-1.24,-3.48
"99","Joe Smith","pitcher","3281",65,3.15,1.19,4,5,14,-1.27,-3.59
"440","Matt Moore","pitcher","1890",158,3.97,1.36,0,10,0,-1.3,-3.65
"398","Wily Peralta","pitcher","7738",180,4.19,1.37,0,11,0,-1.34,-3.77
"397","Yovani Gallardo","pitcher","8173",183,4.34,1.35,0,11,0,-1.37,-3.86
"177","Darren O'Day","pitcher","3321",65,3.09,1.12,3,4,15,-1.38,-3.88
"195","J.P. Howell","pitcher","8245",65,3.38,1.29,8,4,14,-1.42,-4.01
"356","Jimmy Nelson","pitcher","10547",158,4.07,1.36,0,10,0,-1.43,-4.03
"202","Pat Neshek","pitcher","4682",65,3.5,1.18,6,4,12,-1.44,-4.07
"433","Jeremy Hellickson","pitcher","4371",159,4.28,1.3,0,9,0,-1.47,-4.14
"20","Ken Giles","pitcher","12910",65,2.8,1.15,2,4,14,-1.48,-4.16
"141","Carlos Martinez","pitcher","11682",119,3.74,1.31,0,8,0,-1.51,-4.24
"495","Jorge de la Rosa","pitcher","2047",190,4.45,1.4,0,13,0,-1.51,-4.25
"82","Jeremy Affeldt","pitcher","583",55,3.25,1.27,9,3,13,-1.59,-4.47
"121","Joel Peralta","pitcher","2332",55,3.33,1.17,7,3,14,-1.6,-4.51
"557","Jeremy Guthrie","pitcher","2072",195,4.44,1.34,0,10,0,-1.64,-4.62
"109","Zach Duke","pitcher","3840",65,3.58,1.25,8,3,12,-1.69,-4.76
"414","Ervin Santana","pitcher","3200",201,4.51,1.36,0,11,0,-1.7,-4.78
"80","Antonio Bastardo","pitcher","8844",65,3.12,1.25,2,5,16,-1.7,-4.78
"259","Tsuyoshi Wada","pitcher","13046",93,3.72,1.25,0,6,14,-1.7,-4.8
"216","Brad Ziegler","pitcher","7293",65,3.45,1.31,7,4,12,-1.71,-4.81
"469","Hector Santiago","pitcher","4026",143,4,1.34,0,8,3,-1.72,-4.85
"44","Pedro Strop","pitcher","4070",65,3.11,1.23,3,4,16,-1.74,-4.89
"438","Roenis Elias","pitcher","12673",146,4.15,1.35,0,9,0,-1.77,-4.99
"295","Tim Lincecum","pitcher","5705",152,4.13,1.33,0,8,1,-1.79,-5.04
"43","Junichi Tazawa","pitcher","4079",65,3.23,1.18,2,4,15,-1.79,-5.06
"28","Jason Grilli","pitcher","521",65,2.92,1.16,2,3,15,-1.81,-5.09
"388","Jeff Locke","pitcher","2929",158,4.13,1.37,0,9,0,-1.84,-5.19
"160","Casey Janssen","pitcher","7355",65,3.44,1.18,4,3,16,-1.86,-5.24
"217","Vance Worley","pitcher","6435",113,3.96,1.29,0,7,0,-1.92,-5.4
"34","Tony Watson","pitcher","3132",55,2.89,1.12,0,4,17,-1.93,-5.42
"466","Bud Norris","pitcher","9492",122,4.13,1.32,0,8,0,-1.94,-5.46
"91","Evan Marshall","pitcher","12297",55,3.41,1.28,7,3,12,-1.99,-5.6
"462","Nathan Eovaldi","pitcher","9132",168,4.46,1.34,0,9,0,-2.01,-5.66
"61","Will Smith","pitcher","8048",74,3.29,1.21,0,4,16,-2.01,-5.66
"257","Jonathan Broxton","pitcher","4759",65,3.61,1.26,4,4,14,-2.01,-5.66
"270","Kris Medlen","pitcher","9417",91,3.8,1.26,0,6,5,-2.02,-5.69
"33","Kelvin Herrera","pitcher","6033",55,2.97,1.18,1,4,15,-2.03,-5.72
"248","Aaron Loup","pitcher","10343",65,3.54,1.28,4,4,14,-2.04,-5.74
"395","Justin Masterson","pitcher","2038",167,4.24,1.41,0,10,0,-2.05,-5.78
"301","Chase Anderson","pitcher","6895",94,3.91,1.27,1,6,1,-2.06,-5.8
"267","LaTroy Hawkins","pitcher","729",65,4,1.3,6,4,15,-2.06,-5.8
"77","Brandon Maurer","pitcher","4878",65,3.47,1.23,4,3,15,-2.06,-5.81
"25","Shawn Kelley","pitcher","7773",55,2.94,1.17,2,3,15,-2.1,-5.91
"464","Daniel Norris","pitcher","13475",139,4.28,1.37,0,9,0,-2.1,-5.92
"48","Charlie Furbush","pitcher","1370",55,3.08,1.15,0,4,16,-2.12,-5.97
"157","Oliver Perez","pitcher","1514",55,3.39,1.27,6,3,10,-2.13,-6
"368","Ivan Nova","pitcher","1994",113,4.08,1.31,0,7,0,-2.15,-6.05
"108","Brett Anderson","pitcher","8223",81,3.59,1.27,0,6,0,-2.15,-6.05
"493","Anthony DeSclafani","pitcher","13050",139,4.38,1.29,0,7,0,-2.15,-6.06
"380","Ricky Nolasco","pitcher","3830",172,4.61,1.34,0,9,0,-2.22,-6.24
"474","Brett Oberholtzer","pitcher","3855",162,4.66,1.33,0,9,0,-2.22,-6.25
"111","Ryan Cook","pitcher","8855",65,3.24,1.23,0,4,15,-2.25,-6.33
"142","Randy Choate","pitcher","813",65,3.48,1.25,1,4,17,-2.27,-6.38
"112","Adam Ottavino","pitcher","1247",55,3.57,1.26,5,3,13,-2.27,-6.39
"205","Javier Lopez","pitcher","1663",55,3.62,1.34,7,3,11,-2.27,-6.41
"299","Zach Putnam","pitcher","9080",55,3.93,1.35,6,4,13,-2.3,-6.47
"430","Trevor Bauer","pitcher","12703",180,4.38,1.39,0,9,0,-2.31,-6.51
"579","Miguel Gonzalez","pitcher","7024",133,4.47,1.33,0,8,0,-2.31,-6.52
"182","Casey Fien","pitcher","3926",65,3.72,1.21,1,4,14,-2.32,-6.55
"147","Tommy Hunter","pitcher","1157",55,3.36,1.14,1,3,15,-2.35,-6.62
"162","Bryan Shaw","pitcher","8110",65,3.7,1.27,2,4,15,-2.35,-6.63
"215","Tom Wilhelmsen","pitcher","9975",65,3.58,1.3,4,3,15,-2.36,-6.64
"389","Randall Delgado","pitcher","5985",83,4.1,1.33,5,4,8,-2.37,-6.68
"349","Kyle Gibson","pitcher","10123",146,4.42,1.39,0,9,0,-2.4,-6.77
"272","Marco Gonzales","pitcher","15467",81,3.63,1.27,0,5,1,-2.4,-6.77
"528","Travis Wood","pitcher","9884",150,4.35,1.37,0,8,0,-2.41,-6.78
"29","Danny Farquhar","pitcher","8501",55,2.98,1.18,0,3,14,-2.45,-6.89
"37","Carter Capps","pitcher","12803",55,3.2,1.21,1,3,16,-2.45,-6.91
"186","Zach McAllister","pitcher","2895",83,3.97,1.28,0,5,10,-2.48,-6.98
"54","Mike Dunn","pitcher","9948",55,3.17,1.25,0,4,14,-2.48,-6.99
"151","Adam Warren","pitcher","9029",55,3.46,1.22,2,3,15,-2.48,-6.99
"131","Brandon Morrow","pitcher","9346",83,3.72,1.28,0,5,1,-2.48,-6.99
"55","John Holdzkom","pitcher","9392",55,3.12,1.27,0,4,14,-2.51,-7.09
"31","Aaron Barrett","pitcher","11243",55,3.13,1.21,0,3,18,-2.52,-7.1
"38","Jordan Walden","pitcher","3271",55,3.06,1.22,0,3,17,-2.54,-7.15
"126","Luke Hochevar","pitcher","6943",55,3.22,1.16,0,3,12,-2.54,-7.16
"403","Rubby de la Rosa","pitcher","3862",138,4.26,1.37,0,7,1,-2.56,-7.22
"446","Jesse Hahn","pitcher","13287",140,4.21,1.38,0,7,0,-2.59,-7.29
"517","Scott Feldman","pitcher","6283",176,4.64,1.38,0,9,0,-2.61,-7.36
"379","Shawn Tolleson","pitcher","10481",65,3.92,1.31,4,3,13,-2.62,-7.37
"110","Jim Henderson","pitcher","6653",55,3.5,1.24,0,4,13,-2.63,-7.4
"118","Jeurys Familia","pitcher","5114",55,3.36,1.29,2,3,15,-2.63,-7.42
"253","David Phelps","pitcher","6316",91,3.81,1.32,0,5,1,-2.64,-7.43
"158","Chad Qualls","pitcher","2170",55,4,1.28,6,2,12,-2.65,-7.47
"354","Sam LeCure","pitcher","4664",65,3.83,1.31,3,3,15,-2.67,-7.52
"114","Seth Maness","pitcher","12235",55,3.38,1.2,0,3,15,-2.67,-7.52
"310","Brandon League","pitcher","3731",55,3.95,1.39,6,3,12,-2.69,-7.58
"317","Jesse Chavez","pitcher","5448",76,3.92,1.28,0,5,1,-2.7,-7.6
"364","Rex Brothers","pitcher","9794",65,4.13,1.46,6,4,13,-2.7,-7.61
"66","Chris Hatcher","pitcher","3299",40,3.34,1.18,4,2,8,-2.74,-7.71
"64","Jake Diekman","pitcher","5003",55,3.36,1.32,2,3,14,-2.74,-7.71
"290","Odrisamer Despaigne","pitcher","16017",93,3.94,1.32,0,5,0,-2.74,-7.72
"165","Scott Atchison","pitcher","2642",55,3.8,1.26,2,3,15,-2.75,-7.76
"181","David Carpenter","pitcher","3959",55,3.5,1.2,0,3,13,-2.76,-7.79
"567","Colby Lewis","pitcher","1259",148,4.86,1.37,0,9,0,-2.8,-7.89
"171","Fernando Salas","pitcher","4971",55,3.6,1.22,0,3,16,-2.81,-7.91
"353","John Axford","pitcher","9059",55,4.22,1.42,5,4,11,-2.81,-7.92
"533","Edinson Volquez","pitcher","3990",159,4.55,1.42,0,9,0,-2.81,-7.92
"135","Tony Sipp","pitcher","8280",55,3.4,1.23,0,3,12,-2.82,-7.95
"492","Joe Kelly","pitcher","9761",140,4.39,1.42,0,8,0,-2.84,-8
"163","Vinnie Pestano","pitcher","4782",55,3.37,1.25,0,3,13,-2.84,-8.02
"410","Shane Greene","pitcher","10756",130,4.46,1.41,0,8,0,-2.85,-8.02
"247","Jason Motte","pitcher","5861",55,3.69,1.23,0,3,17,-2.86,-8.05
"303","Juan Nicasio","pitcher","7731",45,3.84,1.27,5,2,9,-2.87,-8.09
"189","Dan Otero","pitcher","7385",55,3.53,1.25,0,3,15,-2.88,-8.11
"378","T.J. House","pitcher","9121",139,4.36,1.4,0,7,0,-2.91,-8.2
"562","Jhoulys Chacin","pitcher","2608",172,4.77,1.45,0,11,0,-2.92,-8.22
"75","Kevin Jepsen","pitcher","6475",55,3.24,1.21,0,2,13,-2.92,-8.23
"496","Kendall Graveman","pitcher","15514",104,4.38,1.35,0,6,1,-2.92,-8.24
"480","Ubaldo Jimenez","pitcher","3374",105,4.22,1.39,0,6,3,-2.95,-8.32
"143","Al Alburquerque","pitcher","6324",55,3.62,1.29,1,3,12,-2.95,-8.32
"95","Neil Ramirez","pitcher","7677",45,3.17,1.24,0,3,11,-2.96,-8.33
"101","Kevin Siegrist","pitcher","8180",45,3.18,1.24,0,3,11,-2.96,-8.34
"211","Manny Parra","pitcher","4279",55,3.57,1.28,0,3,16,-2.96,-8.35
"302","Josh Tomlin","pitcher","9388",77,4.27,1.24,0,4,3,-2.97,-8.36
"209","Rafael Soriano","pitcher","1100",65,3.51,1.24,0,3,0,-2.98,-8.39
"502","Aaron Harang","pitcher","1451",163,4.61,1.4,0,8,0,-2.98,-8.41
"287","Bryan Morris","pitcher","10234",65,3.79,1.34,1,3,16,-3.01,-8.47
"285","Grant Balfour","pitcher","718",55,3.66,1.33,1,3,15,-3.03,-8.52
"73","Josh Fields","pitcher","5070",45,3.45,1.22,0,3,10,-3.04,-8.55
"325","Andrew Heaney","pitcher","15423",65,3.89,1.27,0,4,0,-3.04,-8.56
"306","Edward Mujica","pitcher","3970",55,3.95,1.25,2,2,15,-3.05,-8.58
"39","Yu Darvish","pitcher","13074",43,3.14,1.17,0,3,0,-3.05,-8.59
"489","Tyler Matzek","pitcher","10058",134,4.56,1.46,0,9,0,-3.05,-8.6
"103","Craig Stammen","pitcher","7274",45,3.44,1.24,0,3,11,-3.06,-8.62
"133","Mike Morin","pitcher","13442",45,3.52,1.22,0,3,10,-3.06,-8.63
"185","Boone Logan","pitcher","5525",40,3.85,1.3,3,3,7,-3.07,-8.64
"150","Daniel Hudson","pitcher","7146",40,3.85,1.25,4,2,7,-3.07,-8.66
"300","Felix Doubront","pitcher","1478",68,3.98,1.33,0,4,9,-3.08,-8.69
"309","James Russell","pitcher","4089",55,3.77,1.29,0,3,16,-3.08,-8.69
"451","Vidal Nuno","pitcher","9674",71,4.15,1.27,0,4,1,-3.1,-8.75
"258","Brian Matusz","pitcher","2646",55,3.55,1.23,0,2,13,-3.12,-8.8
"367","Jarred Cosart","pitcher","10304",104,4.1,1.43,0,6,0,-3.12,-8.8
"319","Todd Redmond","pitcher","9943",55,3.87,1.29,0,3,16,-3.13,-8.82
"144","Rafael Montero","pitcher","12760",53,3.54,1.23,0,3,1,-3.14,-8.85
"408","Nate Karns","pitcher","12638",77,4,1.33,0,4,3,-3.15,-8.87
"260","Brian Wilson","pitcher","6485",65,3.74,1.33,0,4,0,-3.16,-8.89
"296","Justin De Fratus","pitcher","4955",55,3.8,1.29,0,3,12,-3.18,-8.95
"196","Jumbo Diaz","pitcher","3397",55,3.5,1.26,0,2,13,-3.18,-8.97
"362","Ryan Vogelsong","pitcher","1011",75,4.07,1.31,0,4,0,-3.19,-8.99
"307","Nicholas Tropeano","pitcher","12385",63,4.05,1.29,0,4,1,-3.19,-8.99
"322","Edwin Jackson","pitcher","1841",96,4.38,1.36,0,5,3,-3.21,-9.04
"494","Alex Colome","pitcher","6661",100,4.28,1.42,0,6,1,-3.21,-9.05
"358","Brad Brach","pitcher","6627",45,3.69,1.26,0,3,10,-3.22,-9.07
"198","Jason Frasor","pitcher","1906",45,3.51,1.29,0,3,10,-3.22,-9.07
"183","Patrick Corbin","pitcher","9323",47,3.57,1.21,0,3,0,-3.22,-9.08
"386","Tanner Scheppers","pitcher","10267",55,3.93,1.31,0,3,15,-3.23,-9.11
"70","Nick Vincent","pitcher","7555",40,3.18,1.18,0,2,8,-3.24,-9.13
"442","Dillon Gee","pitcher","7396",79,4.26,1.3,0,4,0,-3.24,-9.14
"553","Alfredo Simon","pitcher","2155",146,4.75,1.42,0,8,0,-3.29,-9.26
"190","Yoervis Medina","pitcher","10498",45,3.52,1.33,0,3,11,-3.3,-9.29
"220","Tyler Lyons","pitcher","11334",48,3.72,1.23,0,3,1,-3.3,-9.29
"204","Sean Burnett","pitcher","1886",65,3.59,1.25,0,2,0,-3.31,-9.31
"229","Jim Johnson","pitcher","3656",55,3.8,1.35,0,3,14,-3.31,-9.32
"522","Allen Webster","pitcher","3993",119,4.43,1.41,0,6,0,-3.31,-9.33
"167","Fernando Abad","pitcher","4994",40,3.21,1.2,0,2,7,-3.31,-9.34
"88","Matt Thornton","pitcher","1918",40,3.21,1.22,0,2,9,-3.31,-9.34
"281","Jared Hughes","pitcher","9325",45,3.64,1.32,0,3,11,-3.32,-9.35
"107","Jean Machi","pitcher","3220",40,3.3,1.2,0,2,8,-3.32,-9.36
"201","Michael Tonkin","pitcher","10315",55,3.94,1.32,0,3,12,-3.33,-9.38
"137","R.J. Alvarez","pitcher","13401",45,3.27,1.27,0,2,10,-3.33,-9.39
"535","Ross Detwiler","pitcher","2859",139,4.62,1.42,0,7,0,-3.36,-9.46
"83","Kevin Quackenbush","pitcher","12360",45,3.36,1.28,0,2,11,-3.37,-9.5
"293","Vic Black","pitcher","9195",55,3.71,1.39,0,3,14,-3.38,-9.52
"286","Joba Chamberlain","pitcher","2692",55,4.14,1.37,1,3,14,-3.38,-9.53
"235","Ernesto Frieri","pitcher","5178",40,3.45,1.22,0,2,8,-3.42,-9.62
"448","Jon Gray","pitcher","sa549112",75,4.47,1.37,0,5,0,-3.42,-9.65
"74","George Kontos","pitcher","9486",35,3.19,1.19,0,2,5,-3.43,-9.68
"507","Brandon Beachy","pitcher","8851",66,4.26,1.33,0,4,0,-3.44,-9.68
"444","Chris Capuano","pitcher","1701",74,4.35,1.33,0,4,0,-3.45,-9.72
"531","Aaron Sanchez","pitcher","11490",111,4.44,1.47,0,6,10,-3.46,-9.75
"392","Trevor Cahill","pitcher","6249",93,4.32,1.41,0,5,0,-3.47,-9.78
"132","Jerry Blevins","pitcher","7841",35,3.26,1.21,0,2,6,-3.47,-9.78
"547","David Buchanan","pitcher","11176",120,4.65,1.4,0,6,0,-3.47,-9.79
"218","Burke Badenhop","pitcher","9736",40,3.5,1.24,0,2,8,-3.47,-9.79
"456","Miguel Gonzalez","pitcher","15675",77,4.32,1.36,0,4,3,-3.47,-9.79
"128","Dominic Leone","pitcher","13763",40,3.41,1.26,0,2,8,-3.48,-9.82
"485","A.J. Griffin","pitcher","11132",47,4.06,1.24,0,3,0,-3.49,-9.84
"175","Josh Johnson","pitcher","4567",56,3.93,1.3,0,3,0,-3.5,-9.85
"552","Dylan Bundy","pitcher","12917",81,4.44,1.4,0,5,1,-3.5,-9.86
"122","Kyle Crockett","pitcher","15033",40,3.53,1.25,0,2,8,-3.5,-9.87
"106","Paco Rodriguez","pitcher","13398",25,3.29,1.23,2,2,1,-3.52,-9.92
"314","Tim Stauffer","pitcher","6432",68,4.31,1.4,0,4,8,-3.54,-9.97
"221","Josh Edgin","pitcher","10796",45,3.68,1.31,0,2,11,-3.56,-10.03
"244","Carlos Torres","pitcher","7624",40,3.66,1.26,0,2,8,-3.57,-10.05
"357","Caleb Thielbar","pitcher","10078",55,4.11,1.36,1,2,15,-3.57,-10.06
"276","Kirby Yates","pitcher","9073",45,3.54,1.33,0,2,10,-3.57,-10.07
"153","Dale Thayer","pitcher","5032",35,3.53,1.22,0,2,5,-3.59,-10.11
"262","Alex Torres","pitcher","7038",55,3.63,1.39,0,2,14,-3.59,-10.12
"120","Matt Belisle","pitcher","1837",35,3.52,1.24,0,2,6,-3.6,-10.15
"115","Evan Scribner","pitcher","7525",30,3.41,1.17,0,2,3,-3.61,-10.16
"271","Alex Claudio","pitcher","12890",45,3.9,1.29,0,2,10,-3.62,-10.2
"76","Noah Syndergaard","pitcher","sa548169",37,3.54,1.2,0,2,0,-3.62,-10.2
"184","A.J. Ramos","pitcher","8350",45,3.53,1.36,0,2,11,-3.62,-10.2
"136","Matt Reynolds","pitcher","8887",35,3.55,1.24,2,1,4,-3.62,-10.2
"219","Sam Freeman","pitcher","6832",40,3.51,1.32,0,2,9,-3.62,-10.2
"343","Taijuan Walker","pitcher","11836",46,4,1.3,0,3,0,-3.62,-10.2
"284","Charlie Morton","pitcher","4676",47,3.86,1.33,0,3,0,-3.63,-10.22
"572","Kyle Kendrick","pitcher","6230",114,4.96,1.42,0,7,0,-3.63,-10.23
"264","Tim Collins","pitcher","3164",40,3.61,1.3,0,2,8,-3.63,-10.24
"328","Pedro Baez","pitcher","5420",30,3.71,1.25,3,1,3,-3.64,-10.25
"424","Joel Hanrahan","pitcher","2186",45,4,1.39,0,3,10,-3.64,-10.25
"252","Marc Rzepczynski","pitcher","6612",55,3.89,1.36,0,2,13,-3.65,-10.28
"488","Wandy Rodriguez","pitcher","2586",65,4.31,1.31,0,3,0,-3.65,-10.29
"100","Neal Cotts","pitcher","1797",30,3.29,1.22,0,2,3,-3.65,-10.29
"439","Tom Koehler","pitcher","6570",66,4.29,1.39,0,4,0,-3.66,-10.3
"138","Carson Smith","pitcher","13172",35,3.46,1.27,0,2,5,-3.66,-10.31
"169","Jeff Beliveau","pitcher","8504",35,3.34,1.29,0,2,5,-3.66,-10.31
"241","Robbie Ross","pitcher","6819",40,3.63,1.31,0,2,8,-3.66,-10.31
"203","Dana Eveland","pitcher","5508",35,3.54,1.26,0,2,5,-3.66,-10.32
"149","Blake Treinen","pitcher","12572",39,3.64,1.26,0,2,3,-3.68,-10.36
"338","Ben Lively","pitcher","sa549720",47,4.09,1.32,0,3,0,-3.7,-10.41
"420","Jarrod Parker","pitcher","4913",49,4.14,1.32,0,3,0,-3.7,-10.43
"457","Paul Maholm","pitcher","8678",45,4,1.31,0,2,10,-3.7,-10.43
"294","Wesley Wright","pitcher","5960",40,3.76,1.31,0,2,8,-3.71,-10.44
"242","Eric O'Flaherty","pitcher","5746",35,3.56,1.28,0,2,5,-3.71,-10.44
"443","Chase Whitley","pitcher","10982",54,4.32,1.34,0,3,5,-3.71,-10.44
"381","Cody Martin","pitcher","sa549474",65,4.13,1.36,0,3,0,-3.72,-10.48
"477","Andre Rienzo","pitcher","3507",96,4.49,1.45,0,5,3,-3.74,-10.54
"346","Tyler Thornburg","pitcher","10688",45,3.89,1.35,0,2,10,-3.75,-10.58
"178","Will Harris","pitcher","3192",35,3.7,1.29,0,2,5,-3.76,-10.61
"501","Jordan Lyles","pitcher","7593",93,4.64,1.42,0,5,0,-3.77,-10.62
"566","Nick Tepesch","pitcher","11716",95,4.73,1.41,0,5,1,-3.78,-10.64
"21","Hunter Strickland","pitcher","7836",25,2.8,1.11,0,1,1,-3.79,-10.69
"405","Justin Wilson","pitcher","4301",45,3.88,1.37,0,2,10,-3.8,-10.7
"472","Aaron Nola","pitcher","sa599230",64,4.57,1.31,0,3,0,-3.8,-10.7
"170","Cam Bedrosian","pitcher","13360",35,3.58,1.33,0,2,5,-3.8,-10.71
"470","Brandon Workman","pitcher","11428",53,4.35,1.34,0,3,1,-3.8,-10.72
"339","Anthony Varvaro","pitcher","2385",45,3.97,1.36,0,2,10,-3.81,-10.73
"393","Jake Petricka","pitcher","10534",55,4.13,1.46,0,3,12,-3.81,-10.74
"168","Frank Garces","pitcher","13144",30,3.5,1.29,0,2,3,-3.81,-10.75
"315","Tom Gorzelanny","pitcher","6244",40,3.97,1.33,0,2,8,-3.82,-10.75
"207","Nick Hagadone","pitcher","1351",35,3.7,1.32,0,2,5,-3.82,-10.76
"193","Sam Dyson","pitcher","11710",35,3.61,1.34,0,2,5,-3.83,-10.78
"491","Dustin McGowan","pitcher","8600",35,4.07,1.36,3,1,5,-3.83,-10.79
"129","Erik Cordier","pitcher","4086",30,3.32,1.33,0,2,3,-3.83,-10.79
"331","Brandon Kintzler","pitcher","9939",40,3.96,1.34,0,2,8,-3.83,-10.8
"512","Mike Foltynewicz","pitcher","10811",86,4.38,1.43,0,4,1,-3.84,-10.81
"483","Kevin Slowey","pitcher","9918",76,4.62,1.33,0,3,1,-3.84,-10.83
"365","Phil Klein","pitcher","12675",40,3.83,1.36,0,2,7,-3.85,-10.85
"250","Bobby LaFromboise","pitcher","7758",35,3.82,1.33,0,2,6,-3.85,-10.85
"164","Bruce Rondon","pitcher","5766",35,3.75,1.34,0,2,5,-3.87,-10.9
"41","Yimi Garcia","pitcher","12095",20,3.07,1.14,1,1,1,-3.88,-10.92
"370","Alexi Ogando","pitcher","10261",35,3.91,1.32,0,2,5,-3.88,-10.93
"172","Jeremy Jeffress","pitcher","9490",35,3.67,1.36,0,2,5,-3.88,-10.94
"541","Craig Breslow","pitcher","4363",55,4.39,1.45,0,3,13,-3.88,-10.94
"347","J.J. Hoover","pitcher","9037",25,3.57,1.25,0,2,1,-3.89,-10.95
"288","T.J. McFarland","pitcher","3237",35,3.85,1.34,0,2,5,-3.9,-10.98
"421","Chad Bettis","pitcher","10587",35,4.44,1.4,2,2,5,-3.9,-10.99
"402","Cory Rasmus","pitcher","2413",40,3.93,1.38,0,2,8,-3.91,-11.01
"274","Robbie Erlin","pitcher","10354",34,3.94,1.28,0,2,1,-3.91,-11.01
"413","Esmil Rogers","pitcher","6317",40,4.24,1.33,0,2,8,-3.91,-11.01
"313","Mario Hollands","pitcher","10504",45,4.12,1.38,0,2,10,-3.91,-11.02
"334","Aaron Crow","pitcher","10149",40,4.03,1.37,0,2,8,-3.92,-11.04
"361","Joe Wieland","pitcher","6109",37,4.14,1.26,0,2,0,-3.92,-11.05
"238","Oliver Drake","pitcher","sa462416",25,3.56,1.28,0,2,1,-3.92,-11.05
"411","Brandon Cumpton","pitcher","11366",56,4.35,1.38,0,3,0,-3.93,-11.06
"304","Brian Duensing","pitcher","4064",45,4.16,1.38,0,2,10,-3.93,-11.06
"268","Brandon Finnegan","pitcher","16208",25,3.73,1.26,0,2,1,-3.93,-11.08
"277","Blaine Hardy","pitcher","6499",30,3.79,1.32,0,2,3,-3.93,-11.08
"525","Tommy Milone","pitcher","7608",84,4.74,1.39,0,4,0,-3.94,-11.1
"404","Steve Delabar","pitcher","11827",40,4.04,1.38,0,2,8,-3.94,-11.11
"467","Henry Owens","pitcher","sa597755",47,4.18,1.41,0,3,0,-3.95,-11.13
"524","Jerome Williams","pitcher","1137",94,4.73,1.39,0,4,0,-3.95,-11.13
"449","Jacob Turner","pitcher","10185",54,4.55,1.39,0,3,5,-3.95,-11.13
"329","Ian Thomas","pitcher","13881",30,3.85,1.33,0,2,3,-3.96,-11.17
"243","Jameson Taillon","pitcher","sa548151",37,3.92,1.32,0,2,0,-3.97,-11.17
"461","Luis Avilan","pitcher","2882",45,4.02,1.43,0,2,11,-3.97,-11.18
"366","Joe Thatcher","pitcher","4620",30,3.99,1.31,0,2,3,-3.97,-11.18
"450","Martin Perez","pitcher","6902",49,4.37,1.39,0,3,0,-3.97,-11.2
"536","Chad Jenkins","pitcher","10326",55,4.62,1.36,0,2,13,-3.99,-11.23
"255","Andrew Oliver","pitcher","10257",35,3.73,1.41,0,2,5,-3.99,-11.24
"416","Cesar Jimenez","pitcher","3762",40,4.07,1.4,0,2,8,-3.99,-11.25
"359","Tim Cooney","pitcher","sa621471",28,3.99,1.29,0,2,0,-4.02,-11.32
"585","David Hale","pitcher","9756",64,5.03,1.57,5,3,9,-4.02,-11.33
"60","Xavier Cedeno","pitcher","36",25,3.15,1.23,0,1,1,-4.02,-11.33
"529","Dylan Axelrod","pitcher","9303",49,4.41,1.33,0,2,3,-4.03,-11.35
"497","Robbie Ray","pitcher","11486",30,4.31,1.39,1,2,3,-4.03,-11.37
"236","Juan Jaime","pitcher","6127",35,3.65,1.45,0,2,5,-4.04,-11.37
"596","Chris Young","pitcher","3196",57,4.71,1.37,0,3,1,-4.05,-11.41
"92","Samuel Tuivailala","pitcher","13485",30,3.32,1.31,0,1,3,-4.05,-11.41
"406","Sean Nolin","pitcher","11341",34,4.07,1.34,0,2,1,-4.05,-11.41
"382","Alex Meyer","pitcher","sa455438",47,4.32,1.43,0,3,0,-4.05,-11.42
"559","Dan Straily","pitcher","9460",63,4.57,1.39,0,3,0,-4.06,-11.44
"587","Anthony Ranaudo","pitcher","11424",73,4.79,1.45,0,4,5,-4.07,-11.48
"481","Erasmo Ramirez","pitcher","10314",34,4.32,1.32,0,2,1,-4.09,-11.52
"537","Roman Mendez","pitcher","10307",55,4.42,1.43,0,2,12,-4.11,-11.58
"94","Justin Grimm","pitcher","11720",25,3.45,1.25,0,1,1,-4.11,-11.59
"463","Johan Santana","pitcher","755",37,4.33,1.33,0,2,0,-4.11,-11.59
"384","Tom Layne","pitcher","7501",25,3.9,1.4,0,2,1,-4.15,-11.69
"323","Chaz Roe","pitcher","9866",30,3.75,1.31,0,1,3,-4.16,-11.72
"93","Steven Matz","pitcher","sa500832",20,3.38,1.23,0,1,1,-4.16,-11.72
"458","Ryan Dennick","pitcher","9261",35,3.96,1.33,0,1,5,-4.16,-11.73
"532","Jason Hursh","pitcher","sa548316",56,4.61,1.42,0,3,0,-4.16,-11.73
"401","Matt Stites","pitcher","12165",25,4.07,1.3,1,1,1,-4.17,-11.74
"487","Jake Buchanan","pitcher","10962",40,4.66,1.39,0,2,8,-4.17,-11.76
"441","Radhames Liz","pitcher","5843",40,4.13,1.41,0,2,0,-4.2,-11.82
"130","Corey Knebel","pitcher","15010",20,3.42,1.27,0,1,1,-4.21,-11.86
"400","Louis Coleman","pitcher","9720",30,3.87,1.33,0,1,3,-4.22,-11.89
"409","Scott Rice","pitcher","2743",30,4.07,1.46,0,2,3,-4.22,-11.89
"127","Casey Kelly","pitcher","9174",20,3.62,1.25,0,1,1,-4.22,-11.9
"427","J.R. Graham","pitcher","sa579841",35,4.47,1.42,0,2,5,-4.23,-11.91
"360","Stolmy Pimentel","pitcher","6415",30,3.91,1.33,0,1,3,-4.23,-11.92
"123","Jaime Garcia","pitcher","8137",19,3.65,1.22,0,1,0,-4.23,-11.93
"490","Matt Harrison","pitcher","5551",28,4.4,1.4,0,2,1,-4.25,-11.98
"344","Kyuji Fujikawa","pitcher","14443",30,4.06,1.33,0,1,3,-4.27,-12.03
"232","C.C. Lee","pitcher","5177",25,3.85,1.31,0,1,1,-4.27,-12.04
"546","Scott Barnes","pitcher","8718",35,4.46,1.45,0,2,5,-4.28,-12.05
"278","Rob Scahill","pitcher","9286",25,3.81,1.32,0,1,1,-4.28,-12.05
"539","Ryan Tepera","pitcher","sa502039",30,4.52,1.43,0,2,3,-4.29,-12.08
"527","Javy Guerra","pitcher","7407",45,4.63,1.46,0,2,10,-4.29,-12.09
"312","Dan Jennings","pitcher","8073",35,4.03,1.39,0,1,5,-4.29,-12.09
"125","David Hernandez","pitcher","4259",10,3.19,1.19,0,1,1,-4.3,-12.13
"332","Steve Geltz","pitcher","8402",20,3.69,1.32,0,1,1,-4.31,-12.13
"261","Cory Gearrin","pitcher","7947",25,3.65,1.37,0,1,1,-4.31,-12.14
"282","Sean Marshall","pitcher","5905",15,3.53,1.29,0,1,1,-4.32,-12.16
"523","Samuel Deduno","pitcher","5285",58,4.59,1.48,0,3,1,-4.32,-12.16
"280","Taylor Jordan","pitcher","10466",19,3.88,1.29,0,1,1,-4.32,-12.17
"179","Mike Bolsinger","pitcher","11137",15,3.61,1.28,0,1,1,-4.32,-12.17
"87","Kevin Munson","pitcher","sa526289",10,3.3,1.21,0,1,1,-4.32,-12.18
"431","David Rollins","pitcher","sa455425",30,4.1,1.36,0,1,3,-4.32,-12.18
"246","Drew Rucinski","pitcher","12499",15,3.81,1.26,0,1,1,-4.33,-12.2
"571","Gus Schlosser","pitcher","12321",30,4.87,1.49,1,2,3,-4.33,-12.2
"72","Cody Hall","pitcher","sa550010",10,3.3,1.23,0,1,1,-4.33,-12.21
"348","Casey Sadler","pitcher","11209",20,4.05,1.29,0,1,1,-4.34,-12.22
"327","Ryan Webb","pitcher","7474",20,3.93,1.31,0,1,1,-4.34,-12.22
"308","Rob Wooten","pitcher","8532",25,4.05,1.33,0,1,1,-4.34,-12.23
"210","Austin Adams","pitcher","7411",20,3.93,1.32,0,1,1,-4.35,-12.25
"324","Matt Barnes","pitcher","12863",20,3.93,1.32,0,1,1,-4.35,-12.25
"230","Arquimedes Caminero","pitcher","8992",15,3.64,1.32,0,1,1,-4.35,-12.26
"231","Arquimedes Caminero","pitcher","8992",15,3.64,1.32,0,1,1,-4.35,-12.26
"447","Taylor Hill","pitcher","12515",20,4.16,1.29,0,1,1,-4.35,-12.27
"225","James Hoyt","pitcher","sa659944",15,3.73,1.31,0,1,1,-4.36,-12.28
"336","Rich Hill","pitcher","4806",25,3.84,1.38,0,1,1,-4.36,-12.29
"273","Lester Oliveros","pitcher","9167",20,3.87,1.35,0,1,1,-4.37,-12.3
"335","Keith Butler","pitcher","10080",20,3.89,1.35,0,1,1,-4.37,-12.31
"376","Cesar Ramos","pitcher","3357",20,4.02,1.33,0,1,1,-4.37,-12.32
"98","Nate Jones","pitcher","4696",10,3.55,1.27,0,1,1,-4.38,-12.33
"263","Rafael Perez","pitcher","4078",10,3.77,1.24,0,1,1,-4.38,-12.34
"569","Drew VerHagen","pitcher","13424",48,4.99,1.46,0,3,1,-4.38,-12.34
"345","Brett Bochy","pitcher","11867",15,3.79,1.33,0,1,1,-4.38,-12.34
"265","Edwin Escobar","pitcher","10337",10,3.73,1.25,0,1,1,-4.38,-12.34
"318","Ryan Pressly","pitcher","7005",30,4.2,1.38,0,1,3,-4.38,-12.34
"197","Joseph Donofrio","pitcher","sa658836",10,3.52,1.29,0,1,1,-4.38,-12.35
"371","Ian Krol","pitcher","10066",20,4.15,1.32,0,1,1,-4.38,-12.35
"199","Phil Coke","pitcher","5535",20,3.92,1.36,0,1,1,-4.39,-12.36
"500","Pedro Villarreal","pitcher","9904",20,4.25,1.31,0,1,1,-4.39,-12.37
"297","Liam Hendriks","pitcher","3548",10,4.04,1.22,0,1,1,-4.39,-12.37
"228","Chasen Shreve","pitcher","10855",10,3.73,1.28,0,1,1,-4.4,-12.39
"330","Matt Grace","pitcher","sa526941",15,3.8,1.35,0,1,1,-4.4,-12.39
"454","Eric Stults","pitcher","8011",28,4.35,1.32,0,1,0,-4.4,-12.39
"390","Rob Rasmussen","pitcher","11250",20,3.94,1.37,0,1,1,-4.4,-12.4
"326","Lisalverto Bonilla","pitcher","11266",15,3.97,1.33,0,1,1,-4.4,-12.4
"415","Yohan Pino","pitcher","6955",10,4.04,1.25,0,1,1,-4.41,-12.42
"544","Ryan Buchter","pitcher","9456",40,4.32,1.56,0,2,8,-4.41,-12.42
"283","Luis Garcia","pitcher","6984",20,3.93,1.38,0,1,1,-4.41,-12.42
"426","Gonzalez Germen","pitcher","5876",15,4.02,1.33,0,1,1,-4.41,-12.42
"352","Matt Andriese","pitcher","sa577754",10,3.93,1.28,0,1,1,-4.41,-12.43
"508","Daniel Webb","pitcher","10558",40,4.52,1.53,0,2,8,-4.41,-12.43
"459","Eury De la Rosa","pitcher","4055",25,4.03,1.39,0,1,1,-4.41,-12.44
"240","Erik Davis","pitcher","8422",10,3.77,1.31,0,1,1,-4.41,-12.44
"484","Jairo Diaz","pitcher","12774",25,4.46,1.43,1,1,1,-4.42,-12.44
"399","Brad Hand","pitcher","9111",29,4.11,1.39,0,1,1,-4.42,-12.44
"514","Kyle Lobstein","pitcher","9178",38,4.75,1.43,0,2,1,-4.42,-12.45
"453","Jared Burton","pitcher","8346",10,3.95,1.29,0,1,1,-4.42,-12.45
"387","Preston Guilmet","pitcher","7303",10,4.16,1.26,0,1,1,-4.42,-12.46
"341","Jeremy Mcbryde","pitcher","sa328275",10,3.82,1.32,0,1,1,-4.42,-12.46
"570","Carlos Rodon","pitcher","sa598286",28,4.39,1.51,0,2,0,-4.43,-12.48
"437","Brian Flynn","pitcher","12027",20,4.12,1.37,0,1,1,-4.43,-12.48
"337","Brian Schlitter","pitcher","3599",15,3.96,1.37,0,1,1,-4.43,-12.49
"396","Brooks Brown","pitcher","5679",15,4.16,1.34,0,1,1,-4.43,-12.49
"233","Tyler Skaggs","pitcher","10190",9,3.83,1.28,0,1,0,-4.44,-12.5
"432","Gavin Floyd","pitcher","3886",28,4.34,1.35,0,1,0,-4.44,-12.5
"305","Shawn Armstrong","pitcher","sa598951",15,4.05,1.37,0,1,1,-4.44,-12.52
"526","Archie Bradley","pitcher","sa597753",28,4.52,1.5,0,2,0,-4.45,-12.52
"580","Buck Farmer","pitcher","14814",57,5.11,1.44,0,3,1,-4.45,-12.53
"473","Nick Greenwood","pitcher","8182",15,4.19,1.35,0,1,1,-4.45,-12.53
"412","Lucas Luetge","pitcher","8337",20,4.12,1.39,0,1,1,-4.45,-12.54
"289","Leonel Campos","pitcher","12277",15,3.9,1.42,0,1,1,-4.46,-12.57
"498","Bronson Arroyo","pitcher","978",10,4.32,1.28,0,1,0,-4.47,-12.58
"505","Eric Surkamp","pitcher","2540",20,4.4,1.36,0,1,1,-4.47,-12.59
"445","Spencer Patton","pitcher","12361",10,4.22,1.35,0,1,1,-4.47,-12.6
"435","Nick Kingham","pitcher","sa548285",19,4.31,1.36,0,1,0,-4.48,-12.61
"518","Zach Lee","pitcher","sa548182",19,4.44,1.34,0,1,0,-4.48,-12.61
"342","Darin Downs","pitcher","5903",10,4.13,1.38,0,1,1,-4.48,-12.63
"583","Brad Peacock","pitcher","5401",123,5.09,1.49,0,6,1,-4.48,-12.63
"582","Taylor Jungmann","pitcher","sa455475",47,4.93,1.51,0,3,0,-4.49,-12.64
"478","Juan Oviedo","pitcher","2886",10,4.27,1.38,0,1,1,-4.49,-12.66
"417","Mike Kickham","pitcher","11618",19,4.25,1.41,0,1,1,-4.49,-12.66
"407","A.J. Achter","pitcher","11387",15,4.33,1.39,0,1,1,-4.49,-12.66
"499","C.J. Riefenhauser","pitcher","11193",15,4.21,1.41,0,1,1,-4.49,-12.66
"372","Danny Hultzen","pitcher","sa455118",9,3.96,1.39,0,1,0,-4.5,-12.67
"595","Tim Berry","pitcher","sa503777",38,4.94,1.44,0,2,1,-4.5,-12.68
"509","Alex Wilson","pitcher","9239",25,4.34,1.41,0,1,1,-4.51,-12.69
"538","John Lamb","pitcher","sa454551",10,4.32,1.4,0,1,1,-4.51,-12.7
"511","Joe Saunders","pitcher","4366",25,4.48,1.39,0,1,1,-4.51,-12.71
"452","Carlos Frias","pitcher","3547",9,4.39,1.35,0,1,0,-4.51,-12.71
"506","Eric Fornataro","pitcher","7042",10,4.27,1.42,0,1,1,-4.51,-12.72
"521","Michael Mariot","pitcher","10835",15,4.37,1.41,0,1,1,-4.51,-12.72
"551","Jose Ramirez","pitcher","10171",10,4.28,1.43,0,1,1,-4.52,-12.73
"555","Ethan Martin","pitcher","3877",63,4.52,1.47,0,2,1,-4.52,-12.74
"465","Eduardo Rodriguez","pitcher","sa548722",19,4.37,1.4,0,1,0,-4.52,-12.75
"549","Evan Meek","pitcher","5109",10,4.43,1.42,0,1,1,-4.53,-12.75
"519","Michael Blazek","pitcher","9654",15,4.3,1.44,0,1,1,-4.53,-12.76
"560","Roberto Hernandez","pitcher","3273",19,4.61,1.39,0,1,1,-4.53,-12.77
"565","Rafael Betancourt","pitcher","177",10,4.71,1.41,0,1,1,-4.55,-12.81
"471","Jonathan Pettibone","pitcher","7106",19,4.57,1.4,0,1,0,-4.56,-12.84
"455","Enrique Burgos","pitcher","sa503551",10,4.3,1.5,0,1,1,-4.56,-12.84
"554","Bo Schultz","pitcher","5028",15,4.7,1.41,0,1,1,-4.56,-12.84
"558","Drake Britton","pitcher","2868",10,4.45,1.49,0,1,1,-4.56,-12.86
"545","Steven Wright","pitcher","8185",30,4.51,1.45,0,1,3,-4.57,-12.87
"597","Kyle Ryan","pitcher","11753",29,5.28,1.47,0,2,1,-4.57,-12.88
"476","Tommy Kahnle","pitcher","11384",20,4.44,1.46,0,1,1,-4.58,-12.89
"561","David Goforth","pitcher","sa526815",10,4.58,1.5,0,1,1,-4.58,-12.91
"556","Joe Beimel","pitcher","979",25,4.48,1.45,0,1,1,-4.59,-12.92
"86","Blake Parker","pitcher","5224",10,3.44,1.22,0,0,1,-4.59,-12.93
"530","Trevor May","pitcher","6398",9,4.82,1.48,0,1,0,-4.6,-12.97
"550","Josh Zeid","pitcher","6527",15,4.73,1.47,0,1,1,-4.61,-12.98
"599","John Danks","pitcher","6329",133,5.22,1.47,0,6,0,-4.61,-12.99
"291","Mayckol Guaipe","pitcher","sa504801",10,3.82,1.23,0,0,1,-4.63,-13.04
"475","Kevin Chapman","pitcher","11240",25,4.32,1.52,0,1,1,-4.64,-13.08
"321","Burch Smith","pitcher","12784",10,3.84,1.27,0,0,1,-4.65,-13.1
"155","Jose Dominguez","pitcher","11571",10,3.48,1.33,0,0,1,-4.65,-13.1
"275","Wilton Lopez","pitcher","4227",10,3.99,1.26,0,0,1,-4.66,-13.12
"574","Alex Gonzalez","pitcher","sa709714",19,4.93,1.45,0,1,0,-4.66,-13.14
"589","Eddie Butler","pitcher","13453",84,5.21,1.54,0,5,0,-4.67,-13.15
"590","Matt Magill","pitcher","3950",56,4.83,1.56,0,3,0,-4.67,-13.16
"606","Christian Bergman","pitcher","10925",63,5.42,1.44,0,3,0,-4.68,-13.17
"607","Hector Noesi","pitcher","3292",141,5.42,1.47,0,7,0,-4.68,-13.19
"298","Heath Hembree","pitcher","11632",10,3.87,1.33,0,0,1,-4.68,-13.2
"224","Zac Rosscup","pitcher","9419",10,3.58,1.38,0,0,1,-4.68,-13.2
"369","Grayson Garvin","pitcher","sa526542",10,3.97,1.33,0,0,1,-4.69,-13.22
"602","David Holmberg","pitcher","7725",28,4.87,1.44,0,1,0,-4.69,-13.22
"603","Nick Martinez","pitcher","12730",37,5.16,1.5,0,2,0,-4.7,-13.23
"266","Matt Lindstrom","pitcher","4604",10,3.96,1.34,0,0,1,-4.7,-13.23
"575","Mike Pelfrey","pitcher","5203",73,5.21,1.52,0,4,0,-4.7,-13.23
"320","Matt Wisler","pitcher","sa601046",9,4.05,1.29,0,0,0,-4.71,-13.26
"377","Charles Brewer","pitcher","9155",10,4.28,1.32,0,0,1,-4.71,-13.28
"573","Alex White","pitcher","10054",19,4.98,1.52,0,1,1,-4.72,-13.3
"513","Aaron Brooks","pitcher","12272",10,4.52,1.3,0,0,1,-4.72,-13.31
"351","Jamey Wright","pitcher","715",10,4.12,1.39,0,0,1,-4.74,-13.34
"429","Andrew Chafin","pitcher","12988",10,4.12,1.39,0,0,1,-4.74,-13.34
"383","Daniel Coulombe","pitcher","13293",10,3.91,1.43,0,0,1,-4.74,-13.35
"423","Justin Nicolino","pitcher","sa548278",9,4.38,1.33,0,0,0,-4.75,-13.39
"434","Jose Valdez","pitcher","sa506748",10,4.19,1.41,0,0,1,-4.75,-13.39
"588","Onelki Garcia","pitcher","13674",15,4.94,1.63,0,1,1,-4.76,-13.4
"591","Frankie Montas","pitcher","sa551258",19,5.16,1.53,0,1,1,-4.76,-13.4
"504","Enny Romero","pitcher","4001",10,4.23,1.42,0,0,1,-4.76,-13.41
"479","AJ Schugel","pitcher","sa546773",10,4.35,1.41,0,0,1,-4.76,-13.43
"542","Mike Montgomery","pitcher","sa454399",10,4.36,1.41,0,0,1,-4.77,-13.43
"516","Carlos Contreras","pitcher","10386",10,4.2,1.44,0,0,1,-4.77,-13.43
"486","Greg Burke","pitcher","6282",10,4.45,1.4,0,0,1,-4.77,-13.43
"534","Pat McCoy","pitcher","6605",10,4.44,1.41,0,0,1,-4.77,-13.45
"601","Bryan Mitchell","pitcher","11479",39,5.19,1.54,0,2,1,-4.79,-13.49
"568","Ryan Merritt","pitcher","sa598282",10,4.91,1.38,0,0,1,-4.8,-13.52
"510","Danny Burawa","pitcher","sa549108",10,4.38,1.47,0,0,1,-4.8,-13.52
"548","Mike Strong","pitcher","sa502184",10,4.48,1.46,0,0,1,-4.8,-13.53
"576","Branden Pinder","pitcher","sa598304",10,4.69,1.43,0,0,1,-4.8,-13.54
"592","Chris Bassitt","pitcher","12304",29,4.8,1.54,0,1,1,-4.81,-13.55
"540","Brent Suter","pitcher","sa621681",9,4.62,1.42,0,0,0,-4.81,-13.55
"578","Kyle Drabek","pitcher","4359",10,4.86,1.43,0,0,1,-4.82,-13.58
"563","Angel Nesbitt","pitcher","sa505061",10,4.73,1.46,0,0,1,-4.82,-13.59
"543","Aaron Thompson","pitcher","999",10,4.78,1.47,0,0,1,-4.83,-13.61
"609","Chris Beck","pitcher","sa503060",19,5.52,1.53,0,1,0,-4.84,-13.62
"564","Logan Darnell","pitcher","11261",10,4.94,1.46,0,0,1,-4.84,-13.64
"586","Jonathan Edwards","pitcher","1483",20,4.89,1.65,0,1,1,-4.85,-13.66
"598","Keyvius Sampson","pitcher","sa501217",10,4.83,1.5,0,0,1,-4.85,-13.67
"593","Maikel Cleto","pitcher","5529",30,4.96,1.59,0,1,3,-4.9,-13.8
"600","Jason Wheeler","pitcher","sa579049",10,5.29,1.52,0,0,1,-4.9,-13.81
"577","Elvis Araujo","pitcher","sa598786",15,4.7,1.54,0,0,1,-4.91,-13.83
"581","Will Locante","pitcher","sa577888",10,4.77,1.62,0,0,1,-4.91,-13.83
"612","Daniel Corcino","pitcher","9266",19,5.68,1.59,0,1,0,-4.92,-13.86
"584","Stephen Pryor","pitcher","10663",25,5.09,1.61,0,1,1,-4.92,-13.86
"608","Jandel Gustave","pitcher","sa550624",10,5.15,1.6,0,0,1,-4.93,-13.89
"610","Cody Anderson","pitcher","sa549278",9,5.72,1.54,0,0,0,-4.95,-13.95
"594","Jhondaniel Medina","pitcher","sa550551",10,5.13,1.66,0,0,1,-4.96,-13.97
"604","Michael Ynoa","pitcher","sa549595",25,5.31,1.63,0,1,1,-4.99,-14.07
"611","Raul Fernandez","pitcher","sa506313",10,5.79,1.73,0,0,1,-5.05,-14.23
"605","Erik Johnson","pitcher","12520",66,5.45,1.57,0,3,1,-5.14,-14.49
