"Name","Team","W","L","SV","HLD","ERA","GS","G","IP","H","ER","HR","SO","BB","WHIP","K/9","BB/9","FIP","WAR","playerid"
"Aroldis Chapman","Reds","5","2","39","1","1.60","0","65","65.0","34","12","5","115","26","0.92","15.94","3.63","1.84","2.4","10233"
"Craig Kimbrel","Braves","4","2","39","1","1.78","0","65","65.0","40","13","4","100","23","0.96","13.80","3.13","1.98","2.2","6655"
"Kenley Jansen","Dodgers","4","2","7","16","2.16","0","65","65.0","44","16","5","94","19","0.97","12.96","2.65","2.28","1.8","3096"
"Greg Holland","Royals","4","2","37","1","2.21","0","65","65.0","45","16","4","89","22","1.04","12.35","3.09","2.28","2.2","7196"
"Clayton Kershaw","Dodgers","18","7","0","0","2.29","34","34","232.0","179","59","16","261","50","0.99","10.12","1.94","2.50","6.0","2036"
"Jake McGee","Rays","4","2","38","2","2.38","0","65","65.0","48","17","5","81","19","1.03","11.28","2.57","2.57","1.7","7550"
"Sean Doolittle","Athletics","4","2","28","4","2.30","0","55","55.0","41","14","5","67","13","0.99","11.02","2.14","2.58","1.1","1581"
"Mark Melancon","Pirates","4","2","40","1","2.56","0","65","65.0","57","18","4","63","13","1.07","8.73","1.82","2.70","1.2","4264"
"Andrew Miller","Yankees","5","3","11","12","2.51","0","65","65.0","44","18","6","95","26","1.08","13.20","3.62","2.73","1.5","6785"
"Felix Hernandez","Mariners","15","8","0","0","2.78","32","32","217.0","184","67","16","224","47","1.06","9.29","1.94","2.74","5.2","4772"
"Dellin Betances","Yankees","3","2","30","5","2.52","0","65","65.0","46","18","5","88","26","1.11","12.20","3.63","2.75","1.7","6216"
"Joaquin Benoit","Padres","4","3","37","3","2.50","0","65","65.0","49","18","5","78","20","1.06","10.78","2.75","2.75","1.1","1437"
"Max Scherzer","Nationals","16","8","0","0","2.77","32","32","211.0","169","65","18","245","57","1.07","10.42","2.41","2.78","4.8","3137"
"Wade Davis","Royals","5","2","1","14","2.54","0","65","65.0","50","18","5","78","23","1.11","10.84","3.13","2.80","1.4","7441"
"David Robertson","White Sox","4","2","25","6","2.93","0","65","65.0","51","21","6","84","23","1.13","11.67","3.14","2.81","1.5","8241"
"Koji Uehara","Red Sox","5","2","36","2","2.47","0","65","65.0","51","18","7","76","12","0.97","10.46","1.64","2.84","1.8","9227"
"Corey Kluber","Indians","15","9","0","0","3.06","32","32","212.0","187","72","18","226","48","1.11","9.57","2.05","2.85","5.0","2429"
"Steve Cishek","Marlins","5","3","39","1","2.87","0","65","65.0","54","21","4","73","23","1.17","10.11","3.12","2.87","1.2","6483"
"Trevor Rosenthal","Cardinals","4","2","42","1","2.66","0","65","65.0","49","19","4","82","26","1.16","11.38","3.66","2.88","1.1","10745"
"Ken Giles","Phillies","4","3","2","14","2.80","0","65","65.0","49","20","5","85","26","1.15","11.75","3.60","2.92","1.1","12910"
"Hunter Strickland","Giants","1","1","0","1","2.80","0","25","25.0","21","8","2","26","7","1.11","9.44","2.36","2.92","0.1","7836"
"Stephen Strasburg","Nationals","14","8","0","0","2.97","31","31","191.0","162","63","17","211","47","1.10","9.97","2.21","2.94","3.9","10131"
"Jose Fernandez","Marlins","9","5","0","0","2.87","21","21","129.0","103","41","9","141","44","1.14","9.87","3.11","2.94","2.7","11530"
"Brad Boxberger","Rays","4","2","3","14","2.63","0","65","65.0","46","19","6","88","26","1.11","12.14","3.63","2.95","1.0","10133"
"Shawn Kelley","Padres","3","3","2","15","2.94","0","55","55.0","44","18","4","65","20","1.17","10.65","3.27","2.97","0.5","7773"
"Chris Sale","White Sox","15","8","0","0","2.92","32","32","216.0","181","70","21","244","52","1.08","10.14","2.16","3.03","5.4","10603"
"Madison Bumgarner","Giants","16","10","0","0","2.88","34","34","221.0","187","71","19","219","53","1.09","8.89","2.14","3.06","3.6","5524"
"Jason Grilli","Braves","3","3","2","15","2.92","0","65","65.0","53","21","6","76","22","1.16","10.55","3.05","3.08","1.1","521"
"Danny Farquhar","Mariners","3","2","0","14","2.98","0","55","55.0","46","18","4","61","19","1.18","9.96","3.11","3.09","0.6","8501"
"Matt Harvey","Mets","10","7","0","0","3.06","28","28","173.0","145","59","13","174","51","1.13","9.07","2.65","3.10","2.9","11713"
"Aaron Barrett","Nationals","3","2","0","18","3.13","0","55","55.0","47","19","4","58","20","1.21","9.49","3.27","3.11","0.5","11243"
"Glen Perkins","Twins","3","3","34","1","3.15","0","65","65.0","57","23","6","70","17","1.14","9.75","2.29","3.11","1.4","8041"
"Kelvin Herrera","Royals","4","2","1","15","2.97","0","55","55.0","46","18","4","56","19","1.18","9.11","3.05","3.13","0.8","6033"
"Tony Watson","Pirates","4","2","0","17","2.89","0","55","55.0","47","18","4","54","14","1.12","8.82","2.33","3.14","0.5","3132"
"Zack Greinke","Dodgers","14","9","0","0","3.05","32","32","202.0","181","68","18","189","46","1.12","8.41","2.05","3.15","3.4","1943"
"Adam Wainwright","Cardinals","14","9","0","0","3.15","29","29","197.0","182","69","15","166","42","1.14","7.61","1.91","3.15","3.2","2233"
"Carter Capps","Marlins","3","2","1","16","3.20","0","55","55.0","47","20","5","62","20","1.21","10.18","3.22","3.16","0.5","12803"
"Jordan Walden","Cardinals","3","2","0","17","3.06","0","55","55.0","44","19","4","64","23","1.22","10.50","3.83","3.16","0.5","3271"
"Yu Darvish","Rangers","3","2","0","0","3.14","6","6","43.0","34","15","4","51","15","1.17","10.90","3.26","3.16","1.0","13074"
"Cody Allen","Indians","4","3","38","2","3.05","0","65","65.0","53","22","6","79","25","1.19","10.94","3.41","3.17","1.0","12183"
"Yimi Garcia","Dodgers","1","1","1","1","3.07","0","20","20.0","17","7","2","21","6","1.14","9.61","2.65","3.20","0.0","12095"
"James Shields","Padres","12","11","0","0","3.22","32","32","217.0","199","78","17","196","51","1.16","8.13","2.13","3.21","3.3","7059"
"Junichi Tazawa","Red Sox","4","3","2","15","3.23","0","65","65.0","58","23","6","65","18","1.18","8.98","2.53","3.22","1.1","4079"
"Pedro Strop","Cubs","4","3","3","16","3.11","0","65","65.0","53","22","4","72","28","1.23","9.98","3.84","3.22","0.7","4070"
"Phil Hughes","Twins","14","11","0","0","3.70","32","32","204.0","208","84","21","174","26","1.15","7.70","1.16","3.23","4.3","7450"
"Sergio Romo","Giants","5","4","11","12","2.95","0","65","65.0","56","21","6","64","16","1.10","8.80","2.18","3.23","0.5","9817"
"David Price","Tigers","15","9","0","0","3.45","32","32","220.0","211","84","23","209","42","1.15","8.56","1.71","3.23","4.6","3184"
"Charlie Furbush","Mariners","4","3","0","16","3.08","0","55","55.0","45","19","5","62","18","1.15","10.20","3.00","3.24","0.5","1370"
"Garrett Richards","Angels","11","7","0","0","3.29","26","26","157.0","139","57","10","142","51","1.21","8.18","2.93","3.25","2.7","9784"
"Hyun-Jin Ryu","Dodgers","13","9","0","0","3.27","31","31","188.0","174","68","16","168","44","1.16","8.04","2.11","3.25","2.7","14444"
"Fernando Rodney","Mariners","4","3","40","2","3.22","0","65","65.0","55","23","5","70","27","1.26","9.72","3.77","3.25","0.8","494"
"Brett Cecil","Blue Jays","4","3","36","2","3.25","0","65","65.0","55","23","6","75","25","1.23","10.36","3.51","3.26","1.0","2660"
"Jon Lester","Cubs","15","10","0","0","3.19","32","32","214.0","195","76","19","199","55","1.17","8.37","2.32","3.27","4.0","4930"
"Mike Dunn","Marlins","4","3","0","14","3.17","0","55","55.0","46","19","4","61","23","1.25","9.91","3.75","3.28","0.5","9948"
"John Holdzkom","Pirates","4","3","0","14","3.12","0","55","55.0","44","19","4","64","26","1.27","10.54","4.29","3.28","0.4","9392"
"Cliff Lee","Phillies","6","5","0","0","3.47","16","16","106.0","102","41","12","96","17","1.13","8.15","1.46","3.28","1.8","1636"
"Francisco Liriano","Pirates","12","9","0","0","3.39","29","29","169.0","144","64","12","176","69","1.26","9.32","3.68","3.28","2.4","3201"
"Hector Rondon","Cubs","4","3","40","1","3.34","0","65","65.0","57","24","5","64","22","1.21","8.88","2.99","3.29","0.7","2391"
"Yusmeiro Petit","Giants","5","4","5","9","3.29","8","53","92.0","83","34","9","88","20","1.12","8.58","1.96","3.29","0.8","4020"
"Xavier Cedeno","Nationals","1","1","0","1","3.15","0","25","25.0","21","9","2","27","9","1.23","9.64","3.40","3.30","0.0","36"
"Will Smith","Brewers","4","3","0","16","3.29","3","58","74.0","63","27","7","86","27","1.21","10.48","3.28","3.30","0.7","8048"
"Carlos Carrasco","Indians","9","8","0","0","3.61","28","28","162.0","152","65","14","153","46","1.22","8.52","2.55","3.30","2.7","6632"
"Jordan Zimmermann","Nationals","13","8","0","0","3.22","31","31","191.0","181","68","18","160","35","1.13","7.53","1.64","3.31","3.4","4505"
"Jake Diekman","Phillies","3","3","2","14","3.36","0","55","55.0","45","21","4","67","28","1.32","11.00","4.62","3.32","0.4","5003"
"Gerrit Cole","Pirates","12","9","0","0","3.44","29","29","177.0","163","68","14","164","51","1.21","8.35","2.62","3.32","2.5","13125"
"Chris Hatcher","Dodgers","2","2","4","8","3.34","0","40","40.0","36","15","4","40","12","1.18","9.07","2.63","3.33","0.1","3299"
"Tyson Ross","Padres","11","10","0","0","3.36","28","28","169.0","148","63","12","165","62","1.24","8.76","3.28","3.33","2.0","7872"
"Joakim Soria","Tigers","4","2","14","10","3.39","0","65","65.0","60","24","6","64","19","1.21","8.80","2.58","3.33","1.1","6941"
"Bobby Parnell","Mets","4","4","19","9","3.40","0","65","65.0","61","25","5","57","20","1.24","7.87","2.75","3.34","0.2","9926"
"Nick Vincent","Padres","2","2","0","8","3.18","0","40","40.0","35","14","4","40","12","1.18","9.10","2.79","3.34","0.1","7555"
"Anibal Sanchez","Tigers","11","8","0","0","3.60","28","28","163.0","154","65","14","145","42","1.20","8.03","2.34","3.34","3.1","3284"
"Cody Hall","Giants","1","0","0","1","3.30","0","10","10.0","9","4","1","10","4","1.23","8.86","3.21","3.36","0.0","sa550010"
"Josh Fields","Astros","3","2","0","10","3.45","0","45","45.0","39","17","5","51","16","1.22","10.10","3.19","3.36","0.3","5070"
"George Kontos","Giants","2","2","0","5","3.19","0","35","35.0","31","12","3","32","11","1.19","8.29","2.70","3.36","0.0","9486"
"Kevin Jepsen","Rays","2","2","0","13","3.24","0","55","55.0","46","20","5","58","21","1.21","9.54","3.39","3.37","0.3","6475"
"Noah Syndergaard","Mets","2","2","0","0","3.54","6","6","37.0","34","15","4","38","11","1.20","9.16","2.68","3.37","0.5","sa548169"
"Brandon Maurer","Padres","3","3","4","15","3.47","0","65","65.0","60","25","5","60","20","1.23","8.25","2.83","3.38","0.3","4878"
"Jonathan Papelbon","Phillies","4","3","36","2","3.27","0","65","65.0","58","24","6","63","17","1.15","8.75","2.31","3.38","0.7","5975"
"Alex Wood","Braves","11","10","0","0","3.38","29","29","174.0","158","65","15","164","54","1.21","8.49","2.76","3.39","2.4","13781"
"Antonio Bastardo","Pirates","5","3","2","16","3.12","0","65","65.0","52","23","5","74","29","1.25","10.23","4.03","3.40","0.5","8844"
"Alex Cobb","Rays","13","10","0","0","3.34","32","32","197.0","180","73","15","175","60","1.22","7.97","2.75","3.40","2.8","6562"
"Jeremy Affeldt","Giants","3","3","9","13","3.25","0","55","55.0","51","20","3","44","19","1.27","7.13","3.10","3.41","0.0","583"
"Kevin Quackenbush","Padres","2","3","0","11","3.36","0","45","45.0","39","17","3","45","19","1.28","8.97","3.72","3.41","0.0","12360"
"Jacob deGrom","Mets","9","9","0","0","3.57","28","28","165.0","153","65","14","149","50","1.23","8.16","2.72","3.41","1.9","10954"
"Brandon McCarthy","Dodgers","11","10","0","0","3.64","28","28","167.0","168","68","17","141","30","1.18","7.57","1.60","3.41","2.0","4662"
"Blake Parker","Cubs","0","0","0","1","3.44","0","10","10.0","9","4","1","11","4","1.22","9.86","3.19","3.42","0.0","5224"
"Kevin Munson","Diamondbacks","1","0","0","1","3.30","0","10","10.0","8","4","1","11","4","1.21","10.22","3.41","3.42","0.0","sa526289"
"Matt Thornton","Nationals","2","1","0","9","3.21","0","40","40.0","38","14","3","32","11","1.22","7.18","2.48","3.42","0.1","1918"
"Cole Hamels","Phillies","12","11","0","0","3.40","32","32","216.0","195","82","23","209","56","1.16","8.71","2.33","3.42","3.0","4972"
"Masahiro Tanaka","Yankees","14","11","0","0","3.44","32","32","211.0","194","81","23","194","42","1.12","8.30","1.79","3.43","3.9","15764"
"Evan Marshall","Diamondbacks","3","3","7","12","3.41","0","55","55.0","49","21","4","54","21","1.28","8.88","3.41","3.43","0.4","12297"
"Samuel Tuivailala","Cardinals","1","1","0","3","3.32","0","30","30.0","24","11","2","35","15","1.31","10.65","4.62","3.43","0.0","13485"
"Steven Matz","Mets","1","1","0","1","3.38","0","20","20.0","18","8","2","19","6","1.23","8.43","2.82","3.43","0.0","sa500832"
"Justin Grimm","Cubs","1","1","0","1","3.45","0","25","25.0","22","10","2","24","9","1.25","8.80","3.24","3.43","0.0","11720"
"Neil Ramirez","Cubs","3","2","0","11","3.17","0","45","45.0","36","16","4","53","19","1.24","10.52","3.89","3.44","0.2","7677"
"Drew Storen","Nationals","3","3","43","2","3.31","0","65","65.0","60","24","6","58","17","1.19","7.96","2.41","3.44","0.5","6983"
"Hisashi Iwakuma","Mariners","13","10","0","0","3.41","32","32","204.0","191","77","21","169","37","1.12","7.44","1.64","3.44","3.1","13048"
"Nate Jones","White Sox","1","0","0","1","3.55","0","10","10.0","9","4","1","11","4","1.27","9.73","3.54","3.44","0.0","4696"
"Joe Smith","Angels","5","3","4","14","3.15","0","65","65.0","58","23","5","57","19","1.19","7.88","2.70","3.44","0.4","3281"
"Neal Cotts","Brewers","2","2","0","3","3.29","0","30","30.0","26","11","3","31","11","1.22","9.45","3.26","3.44","0.1","1797"
"Kevin Siegrist","Cardinals","3","2","0","11","3.18","0","45","45.0","36","16","4","52","20","1.24","10.38","3.92","3.45","0.2","8180"
"Addison Reed","Diamondbacks","4","3","7","14","3.42","0","65","65.0","57","25","7","67","18","1.17","9.34","2.56","3.45","0.7","10586"
"Craig Stammen","Nationals","3","2","0","11","3.44","0","45","45.0","43","17","4","39","13","1.24","7.77","2.66","3.46","0.1","7274"
"Gio Gonzalez","Nationals","11","8","0","0","3.48","28","28","162.0","142","63","14","159","61","1.25","8.87","3.39","3.46","2.3","7448"
"Jenrry Mejia","Mets","4","4","22","9","3.53","0","65","65.0","59","25","6","66","24","1.27","9.14","3.26","3.47","0.1","8476"
"Paco Rodriguez","Dodgers","2","1","2","1","3.29","0","25","25.0","21","9","2","27","10","1.23","9.87","3.69","3.47","0.0","13398"
"Jean Machi","Giants","2","2","0","8","3.30","0","40","40.0","36","15","3","33","12","1.20","7.39","2.66","3.47","0.0","3220"
"Brett Anderson","Dodgers","6","5","0","0","3.59","15","15","81.0","77","32","6","67","26","1.27","7.39","2.84","3.48","0.9","8223"
"Zach Duke","White Sox","3","3","8","12","3.58","0","65","65.0","60","26","7","66","21","1.25","9.11","2.90","3.49","0.7","3840"
"Jim Henderson","Brewers","4","3","0","13","3.50","0","55","55.0","46","21","6","65","22","1.24","10.59","3.65","3.49","0.4","6653"
"Ryan Cook","Athletics","4","3","0","15","3.24","0","65","65.0","54","23","5","66","26","1.23","9.20","3.60","3.49","0.4","8855"
"Adam Ottavino","Rockies","3","2","5","13","3.57","0","55","55.0","51","22","6","57","19","1.26","9.35","3.06","3.49","0.7","1247"
"Michael Wacha","Cardinals","9","7","0","0","3.43","26","26","149.0","134","57","14","137","44","1.20","8.25","2.68","3.50","1.9","14078"
"Seth Maness","Cardinals","3","3","0","15","3.38","0","55","55.0","55","21","5","38","11","1.20","6.16","1.74","3.50","0.1","12235"
"Evan Scribner","Athletics","2","1","0","3","3.41","0","30","30.0","27","11","3","29","8","1.17","8.56","2.41","3.50","0.0","7525"
"Danny Salazar","Indians","10","9","0","0","3.63","26","26","145.0","128","58","16","158","47","1.21","9.84","2.95","3.50","2.4","5867"
"Johnny Cueto","Reds","15","10","0","0","3.09","31","31","205.0","176","70","20","190","53","1.12","8.34","2.35","3.51","3.0","6893"
"Jeurys Familia","Mets","3","2","2","15","3.36","0","55","55.0","48","21","4","54","23","1.29","8.91","3.80","3.51","0.0","5114"
"Andrew Cashner","Padres","9","10","0","0","3.63","28","28","163.0","156","66","14","130","45","1.23","7.20","2.46","3.52","1.6","8782"
"Matt Belisle","Cardinals","2","2","0","6","3.52","0","35","35.0","34","14","3","27","9","1.24","6.99","2.44","3.52","0.0","1837"
"Joel Peralta","Dodgers","3","3","7","14","3.33","0","55","55.0","47","20","6","58","17","1.17","9.56","2.81","3.53","0.3","2332"
"Kyle Crockett","Indians","2","2","0","8","3.53","0","40","40.0","38","16","4","37","12","1.25","8.29","2.70","3.53","0.2","15033"
"Jaime Garcia","Cardinals","1","1","0","0","3.65","3","3","19.0","19","8","2","16","5","1.22","7.52","2.25","3.53","0.2","8137"
"Zach Britton","Orioles","3","2","37","2","3.22","0","65","65.0","58","23","5","56","23","1.24","7.74","3.20","3.54","0.6","3240"
"David Hernandez","Diamondbacks","1","0","0","1","3.19","0","10","10.0","8","4","1","11","4","1.19","10.16","3.28","3.54","0.0","4259"
"Luke Hochevar","Royals","3","3","0","12","3.22","0","55","55.0","48","20","6","55","16","1.16","8.96","2.62","3.54","0.4","6943"
"Casey Kelly","Padres","1","1","0","1","3.62","0","20","20.0","20","8","2","17","5","1.25","7.56","2.41","3.54","0.0","9174"
"Dominic Leone","Mariners","2","2","0","8","3.41","0","40","40.0","35","15","3","39","15","1.26","8.78","3.44","3.54","0.1","13763"
"Erik Cordier","Giants","2","2","0","3","3.32","0","30","30.0","24","11","2","34","16","1.33","10.29","4.82","3.55","0.0","4086"
"Corey Knebel","Brewers","1","1","0","1","3.42","0","20","20.0","16","8","2","23","9","1.27","10.48","4.00","3.55","0.0","15010"
"Brandon Morrow","Padres","5","5","0","1","3.72","13","23","83.0","76","34","7","79","30","1.28","8.48","3.25","3.56","0.7","9346"
"Jerry Blevins","Nationals","2","1","0","6","3.26","0","35","35.0","30","13","3","35","12","1.21","8.91","3.18","3.56","0.0","7841"
"Mike Morin","Angels","3","2","0","10","3.52","0","45","45.0","42","18","4","40","13","1.22","7.94","2.62","3.56","0.1","13442"
"Lance Lynn","Cardinals","13","10","0","0","3.47","31","31","183.0","166","71","16","170","64","1.25","8.36","3.14","3.57","2.3","2520"
"Tony Sipp","Astros","3","3","0","12","3.40","0","55","55.0","46","21","6","63","22","1.23","10.38","3.57","3.57","0.4","8280"
"Matt Reynolds","Diamondbacks","1","1","2","4","3.55","0","35","35.0","33","14","3","30","10","1.24","7.69","2.57","3.58","0.0","8887"
"R.J. Alvarez","Athletics","2","1","0","10","3.27","0","45","45.0","37","16","4","49","21","1.27","9.82","4.11","3.58","0.2","13401"
"Carson Smith","Mariners","2","1","0","5","3.46","0","35","35.0","31","13","3","33","13","1.27","8.38","3.39","3.59","0.0","13172"
"Santiago Casilla","Giants","5","3","14","13","3.27","0","65","65.0","58","24","5","55","23","1.25","7.64","3.21","3.59","0.0","2873"
"Sonny Gray","Athletics","13","10","0","0","3.56","32","32","198.0","184","78","15","167","69","1.28","7.58","3.13","3.59","2.6","12768"
"Carlos Martinez","Cardinals","8","7","0","0","3.74","21","21","119.0","114","50","9","101","43","1.31","7.65","3.22","3.60","1.4","11682"
"Randy Choate","Cardinals","4","3","1","17","3.48","0","65","65.0","58","25","4","55","23","1.25","7.59","3.14","3.60","0.3","813"
"Al Alburquerque","Tigers","3","2","1","12","3.62","0","55","55.0","47","22","6","64","24","1.29","10.39","3.91","3.60","0.3","6324"
"Rafael Montero","Mets","3","3","0","1","3.54","5","30","53.0","48","21","5","52","18","1.23","8.76","2.98","3.61","0.4","12760"
"Tyler Clippard","Athletics","5","3","12","12","3.02","0","65","65.0","51","22","7","70","24","1.17","9.71","3.37","3.61","0.7","5640"
"Jake Arrieta","Cubs","10","9","0","0","3.63","28","28","163.0","145","66","15","158","59","1.25","8.69","3.26","3.61","2.2","4153"
"Tommy Hunter","Orioles","3","2","1","15","3.36","0","55","55.0","51","21","6","46","12","1.14","7.53","1.91","3.62","0.4","1157"
"Zack Wheeler","Mets","9","8","0","0","3.64","26","26","148.0","133","60","13","145","58","1.29","8.80","3.51","3.62","1.3","10310"
"Blake Treinen","Nationals","2","2","0","3","3.64","2","32","39.0","40","16","3","28","10","1.26","6.46","2.21","3.63","0.1","12572"
"Daniel Hudson","Diamondbacks","2","2","4","7","3.85","0","40","40.0","38","17","4","35","12","1.25","7.89","2.61","3.63","0.1","7146"
"Adam Warren","Yankees","3","2","2","15","3.46","0","55","55.0","49","21","5","52","18","1.22","8.44","2.95","3.63","0.4","9029"
"John Lackey","Cardinals","12","10","0","0","3.61","31","31","184.0","178","74","20","151","41","1.19","7.38","2.02","3.63","2.2","1507"
"Dale Thayer","Padres","2","2","0","5","3.53","0","35","35.0","32","14","4","32","10","1.22","8.24","2.68","3.63","0.0","5032"
"Drew Smyly","Rays","8","7","0","0","3.39","21","21","121.0","107","46","13","113","35","1.17","8.37","2.62","3.63","1.8","11760"
"Jose Dominguez","Rays","0","0","0","1","3.48","0","10","10.0","8","4","1","11","5","1.33","10.01","4.54","3.64","0.0","11571"
"Tim Hudson","Giants","10","10","0","0","3.79","29","29","181.0","186","76","15","122","43","1.26","6.07","2.11","3.64","1.4","921"
"Oliver Perez","Diamondbacks","3","3","6","10","3.39","0","55","55.0","47","21","6","62","23","1.27","10.17","3.79","3.64","0.2","1514"
"Chad Qualls","Astros","2","3","6","12","4.00","0","55","55.0","57","24","5","43","14","1.28","7.06","2.22","3.64","0.3","2170"
"Dallas Keuchel","Astros","13","12","0","0","3.78","32","32","215.0","218","90","18","160","59","1.29","6.69","2.47","3.64","3.0","9434"
"Casey Janssen","Nationals","3","3","4","16","3.44","0","65","65.0","62","25","6","51","15","1.18","7.13","2.07","3.64","0.4","7355"
"Luke Gregerson","Astros","4","4","27","5","3.61","0","65","65.0","62","26","7","59","18","1.23","8.15","2.51","3.65","0.6","4090"
"Bryan Shaw","Indians","4","3","2","15","3.70","0","65","65.0","61","27","6","58","22","1.27","8.06","3.06","3.65","0.3","8110"
"Vinnie Pestano","Angels","3","2","0","13","3.37","0","55","55.0","48","21","6","57","21","1.25","9.25","3.40","3.65","0.3","4782"
"Bruce Rondon","Tigers","2","2","0","5","3.75","0","35","35.0","31","15","3","37","16","1.34","9.54","4.08","3.65","0.0","5766"
"Scott Atchison","Indians","3","3","2","15","3.80","0","55","55.0","56","23","5","41","14","1.26","6.65","2.21","3.65","0.2","2642"
"Huston Street","Angels","4","3","37","2","3.35","0","65","65.0","58","24","8","61","18","1.17","8.40","2.50","3.65","0.2","8258"
"Fernando Abad","Athletics","2","2","0","7","3.21","0","40","40.0","36","14","4","35","12","1.20","7.93","2.70","3.65","0.1","4994"
"Frank Garces","Padres","2","2","0","3","3.50","0","30","30.0","26","12","3","30","12","1.29","8.97","3.67","3.66","0.0","13144"
"Jeff Beliveau","Rays","2","1","0","5","3.34","0","35","35.0","29","13","3","37","16","1.29","9.56","4.08","3.66","0.0","8504"
"Cam Bedrosian","Angels","2","1","0","5","3.58","0","35","35.0","30","14","3","38","17","1.33","9.80","4.31","3.66","0.0","13360"
"Fernando Salas","Angels","3","2","0","16","3.60","0","55","55.0","51","22","6","50","16","1.22","8.25","2.62","3.66","0.1","4971"
"Jeremy Jeffress","Brewers","2","2","0","5","3.67","0","35","35.0","32","14","3","34","16","1.36","8.82","4.12","3.66","0.0","9490"
"Matt Shoemaker","Angels","13","10","0","0","3.69","32","32","196.0","189","80","21","159","42","1.18","7.29","1.92","3.66","2.2","4776"
"Jeff Samardzija","White Sox","12","11","0","0","3.90","32","32","208.0","199","90","24","202","57","1.23","8.76","2.48","3.66","3.4","3254"
"Josh Johnson","Padres","3","4","0","0","3.93","10","10","56.0","54","24","5","48","18","1.30","7.76","2.97","3.66","0.5","4567"
"Doug Fister","Nationals","13","9","0","0","3.51","31","31","192.0","194","75","18","135","37","1.20","6.31","1.73","3.66","2.2","9425"
"Darren O'Day","Orioles","4","3","3","15","3.09","0","65","65.0","55","22","7","66","18","1.12","9.08","2.52","3.66","0.6","3321"
"Will Harris","Astros","2","2","0","5","3.70","0","35","35.0","32","14","4","37","13","1.29","9.39","3.37","3.67","0.0","3192"
"Mike Bolsinger","Dodgers","1","1","0","1","3.61","0","15","15.0","14","6","1","14","5","1.28","8.12","3.03","3.67","0.0","11137"
"Ian Kennedy","Padres","11","13","0","0","3.71","32","32","200.0","183","82","21","194","66","1.25","8.73","2.96","3.67","1.7","6986"
"David Carpenter","Yankees","3","3","0","13","3.50","0","55","55.0","49","21","6","57","17","1.20","9.25","2.79","3.67","0.3","3959"
"Casey Fien","Twins","4","4","1","14","3.72","0","65","65.0","62","27","8","60","16","1.21","8.32","2.26","3.67","0.7","3926"
"Patrick Corbin","Diamondbacks","3","3","0","0","3.57","8","8","47.0","45","19","5","39","13","1.21","7.42","2.39","3.67","0.6","9323"
"A.J. Ramos","Marlins","2","2","0","11","3.53","0","45","45.0","37","18","3","48","24","1.36","9.55","4.85","3.67","0.0","8350"
"Boone Logan","Rockies","3","2","3","7","3.85","0","40","40.0","36","17","4","44","16","1.30","9.89","3.61","3.67","0.2","5525"
"Zach McAllister","Indians","5","5","0","10","3.97","6","51","83.0","83","36","8","69","23","1.28","7.55","2.50","3.68","0.7","2895"
"Scott Kazmir","Athletics","12","10","0","0","3.68","31","31","177.0","167","73","18","153","50","1.22","7.77","2.56","3.68","2.3","4897"
"Mat Latos","Marlins","10","10","0","0","3.74","31","31","192.0","188","80","17","148","54","1.26","6.94","2.54","3.68","2.8","3815"
"Dan Otero","Athletics","3","2","0","15","3.53","0","55","55.0","57","22","4","32","12","1.25","5.24","1.92","3.68","0.1","7385"
"Yoervis Medina","Mariners","3","2","0","11","3.52","0","45","45.0","38","18","3","46","22","1.33","9.24","4.31","3.69","0.1","10498"
"Tanner Roark","Nationals","6","5","0","15","3.49","6","61","95.0","93","37","9","69","20","1.19","6.55","1.93","3.69","0.6","8753"
"Rick Porcello","Red Sox","13","10","0","0","3.83","32","32","196.0","201","83","18","137","45","1.26","6.32","2.09","3.70","3.2","2717"
"Sam Dyson","Marlins","2","2","0","5","3.61","0","35","35.0","34","14","2","27","13","1.34","6.95","3.28","3.70","0.0","11710"
"A.J. Burnett","Pirates","11","11","0","0","3.96","29","29","184.0","176","81","14","160","71","1.34","7.79","3.45","3.70","1.6","512"
"J.P. Howell","Dodgers","4","3","8","14","3.38","0","65","65.0","56","24","5","61","28","1.29","8.48","3.89","3.70","-0.1","8245"
"Jumbo Diaz","Reds","2","2","0","13","3.50","0","55","55.0","48","21","5","55","22","1.26","9.05","3.54","3.70","0.1","3397"
"Joseph Donofrio","Cardinals","1","1","0","1","3.52","0","10","10.0","9","4","1","9","4","1.29","8.51","3.54","3.70","0.0","sa658836"
"Jason Frasor","Royals","3","2","0","10","3.51","0","45","45.0","40","18","4","43","18","1.29","8.59","3.54","3.70","0.1","1906"
"Phil Coke","Cubs","1","1","0","1","3.92","0","20","20.0","20","9","2","17","7","1.36","7.70","3.24","3.71","0.0","5535"
"Joe Nathan","Tigers","4","3","24","7","3.77","0","65","65.0","60","27","6","61","26","1.31","8.48","3.53","3.71","0.5","1122"
"Michael Tonkin","Twins","3","3","0","12","3.94","0","55","55.0","54","24","5","49","19","1.32","7.98","3.04","3.71","0.2","10315"
"Pat Neshek","Astros","4","3","6","12","3.50","0","65","65.0","60","25","8","61","17","1.18","8.48","2.30","3.72","0.6","4682"
"Dana Eveland","Mets","2","2","0","5","3.54","0","35","35.0","33","14","3","32","11","1.26","8.13","2.90","3.72","0.0","5508"
"Sean Burnett"," ","2","2","0","0","3.59","0","65","65.0","61","26","6","57","20","1.25","7.87","2.80","3.72","0.1","1886"
"Javier Lopez","Giants","3","2","7","11","3.62","0","55","55.0","52","22","4","42","22","1.34","6.80","3.53","3.72","-0.2","1663"
"Jake Peavy","Giants","10","9","0","0","3.52","28","28","171.0","160","67","17","138","45","1.20","7.28","2.38","3.73","1.4","1051"
"Nick Hagadone","Indians","2","2","0","5","3.70","0","35","35.0","30","14","4","39","16","1.32","9.97","4.06","3.73","0.0","1351"
"Julio Teheran","Braves","12","11","0","0","3.50","31","31","197.0","183","77","23","173","49","1.18","7.90","2.23","3.73","2.2","6797"
"Rafael Soriano"," ","3","3","0","0","3.51","0","65","65.0","60","25","7","58","21","1.24","8.00","2.89","3.74","0.3","1100"
"Austin Adams","Indians","1","1","0","1","3.93","0","20","20.0","19","9","2","19","7","1.32","8.55","3.34","3.74","0.0","7411"
"Manny Parra","Reds","3","3","0","16","3.57","0","55","55.0","48","22","6","56","22","1.28","9.09","3.68","3.74","0.1","4279"
"Jose Quintana","White Sox","10","9","0","0","3.89","31","31","184.0","184","80","19","152","53","1.28","7.43","2.56","3.74","2.8","11423"
"Kyle Hendricks","Cubs","8","8","0","0","3.78","23","23","133.0","134","56","12","95","31","1.24","6.43","2.12","3.75","1.7","12049"
"Homer Bailey","Reds","11","10","0","0","3.60","29","29","185.0","170","74","20","163","50","1.19","7.96","2.43","3.75","2.1","8362"
"Tom Wilhelmsen","Mariners","3","2","4","15","3.58","0","65","65.0","55","26","6","62","29","1.30","8.63","3.98","3.75","0.2","9975"
"Brad Ziegler","Diamondbacks","4","3","7","12","3.45","0","65","65.0","63","25","5","47","22","1.31","6.51","3.08","3.75","0.2","7293"
"Vance Worley","Pirates","7","7","0","0","3.96","19","19","113.0","119","50","10","78","27","1.29","6.19","2.12","3.75","1.0","6435"
"Burke Badenhop","Reds","2","2","0","8","3.50","0","40","40.0","39","16","4","28","10","1.24","6.28","2.30","3.75","0.0","9736"
"Sam Freeman","Cardinals","2","2","0","9","3.51","0","40","40.0","36","16","3","36","17","1.32","8.04","3.74","3.76","-0.1","6832"
"Tyler Lyons","Cardinals","3","3","0","1","3.72","6","16","48.0","46","20","5","39","13","1.23","7.34","2.39","3.76","0.3","11334"
"Josh Edgin","Mets","2","2","0","11","3.68","0","45","45.0","40","18","4","44","19","1.31","8.77","3.82","3.76","-0.1","10796"
"Justin Verlander","Tigers","14","11","0","0","3.90","32","32","209.0","203","90","22","178","62","1.27","7.67","2.67","3.76","3.3","8700"
"Francisco Rodriguez","Brewers","4","4","38","2","3.60","0","65","65.0","57","26","8","69","22","1.22","9.58","3.07","3.76","0.2","1642"
"Zac Rosscup","Cubs","0","0","0","1","3.58","0","10","10.0","8","4","1","12","6","1.38","10.81","5.24","3.77","0.0","9419"
"James Hoyt","Astros","1","1","0","1","3.73","0","15","15.0","13","6","1","15","6","1.31","9.12","3.82","3.77","0.0","sa659944"
"Collin McHugh","Astros","12","11","0","0","3.81","32","32","192.0","179","81","21","177","58","1.24","8.31","2.74","3.77","2.5","7531"
"Chris Archer","Rays","11","10","0","0","3.68","31","31","182.0","167","74","16","161","68","1.29","7.94","3.36","3.79","2.0","6345"
"Chasen Shreve","Yankees","1","0","0","1","3.73","0","10","10.0","9","4","1","10","4","1.28","9.04","3.39","3.79","0.0","10855"
"Jim Johnson","Braves","3","3","0","14","3.80","0","55","55.0","54","23","4","44","20","1.35","7.20","3.33","3.79","-0.1","3656"
"Arquimedes Caminero","Marlins","1","1","0","1","3.64","0","15","15.0","13","6","1","15","6","1.32","8.80","3.88","3.79","0.0","8992"
"Arquimedes Caminero","Marlins","1","1","0","1","3.64","0","15","15.0","13","6","1","15","6","1.32","8.80","3.88","3.79","0.0","8992"
"C.C. Lee","Indians","1","1","0","1","3.85","0","25","25.0","24","11","3","24","9","1.31","8.60","3.29","3.79","0.0","5177"
"Tyler Skaggs","Angels","1","1","0","0","3.83","2","2","9.0","9","4","1","8","3","1.28","7.68","3.07","3.80","0.1","10190"
"Henderson Alvarez","Marlins","10","9","0","0","3.84","28","28","166.0","176","71","13","99","38","1.29","5.34","2.07","3.80","1.6","5669"
"Ernesto Frieri","Rays","2","2","0","8","3.45","0","40","40.0","32","15","5","48","16","1.22","10.77","3.66","3.80","0.1","5178"
"Juan Jaime","Braves","2","2","0","5","3.65","0","35","35.0","27","14","3","45","24","1.45","11.48","6.22","3.80","0.0","6127"
"Yordano Ventura","Royals","12","10","0","0","3.68","29","29","174.0","160","71","16","153","64","1.29","7.89","3.30","3.80","2.3","11855"
"Oliver Drake","Orioles","2","1","0","1","3.56","0","25","25.0","22","10","3","25","10","1.28","8.91","3.51","3.80","0.0","sa462416"
"Michael Pineda","Yankees","10","9","0","0","3.76","29","29","170.0","164","71","20","140","40","1.20","7.37","2.13","3.80","2.6","5372"
"Erik Davis","Nationals","1","1","0","1","3.77","0","10","10.0","10","4","1","9","3","1.31","7.66","3.11","3.81","0.0","8422"
"Robbie Ross","Red Sox","2","2","0","8","3.63","0","40","40.0","40","16","3","31","13","1.31","6.95","2.86","3.81","0.1","6819"
"Eric O'Flaherty","Athletics","2","1","0","5","3.56","0","35","35.0","33","14","3","27","11","1.28","7.02","2.90","3.81","0.0","5746"
"Jameson Taillon","Pirates","2","2","0","0","3.92","6","6","37.0","37","16","3","30","13","1.32","7.24","3.06","3.82","0.3","sa548151"
"Carlos Torres","Mets","2","2","0","8","3.66","0","40","40.0","37","16","4","37","13","1.26","8.31","3.01","3.82","-0.1","7624"
"Jon Niese","Mets","9","11","0","0","3.92","29","29","178.0","181","78","18","133","48","1.29","6.72","2.44","3.82","1.2","4424"
"Drew Rucinski","Angels","1","1","0","1","3.81","0","15","15.0","15","6","1","12","4","1.26","7.13","2.52","3.83","0.0","12499"
"Jason Motte","Cubs","3","3","0","17","3.69","0","55","55.0","51","23","7","52","17","1.23","8.54","2.82","3.83","0.0","5861"
"Aaron Loup","Blue Jays","4","3","4","14","3.54","0","65","65.0","61","26","6","54","22","1.28","7.54","3.03","3.83","0.5","10343"
"Bartolo Colon","Mets","10","12","0","0","4.08","28","28","176.0","187","80","21","121","29","1.23","6.22","1.46","3.83","1.2","375"
"Bobby LaFromboise","Pirates","2","2","0","6","3.82","0","35","35.0","34","15","3","27","12","1.33","6.90","3.15","3.83","-0.1","7758"
"James Paxton","Mariners","11","11","0","0","3.87","29","29","170.0","161","73","15","140","64","1.32","7.43","3.38","3.83","1.7","11828"
"Marc Rzepczynski","Indians","2","2","0","13","3.89","0","55","55.0","54","24","5","48","21","1.36","7.78","3.51","3.84","0.0","6612"
"David Phelps","Marlins","5","5","0","1","3.81","11","36","91.0","86","38","8","78","34","1.32","7.73","3.38","3.84","0.7","6316"
"Dan Haren","Marlins","10","10","0","0","4.00","28","28","158.0","160","70","19","122","34","1.24","6.99","1.96","3.84","1.7","1757"
"Andrew Oliver","Phillies","2","2","0","5","3.73","0","35","35.0","27","14","3","43","22","1.41","11.17","5.71","3.84","0.0","10257"
"Mike Fiers","Brewers","12","10","0","0","3.77","29","29","169.0","153","71","23","163","45","1.17","8.68","2.37","3.84","2.1","7754"
"Jonathan Broxton","Brewers","4","4","4","14","3.61","0","65","65.0","60","26","7","57","22","1.26","7.90","3.02","3.84","0.2","4759"
"Brian Matusz","Orioles","2","2","0","13","3.55","0","55","55.0","50","22","6","52","18","1.23","8.59","2.98","3.84","0.3","2646"
"Tsuyoshi Wada","Cubs","6","5","0","14","3.72","6","61","93.0","89","38","11","82","27","1.25","7.98","2.60","3.85","0.5","13046"
"Brian Wilson"," ","4","4","0","0","3.74","0","65","65.0","58","27","6","65","28","1.33","8.99","3.91","3.85","0.2","6485"
"Cory Gearrin","Braves","1","1","0","1","3.65","0","25","25.0","23","10","2","22","11","1.37","7.75","3.93","3.85","0.0","7947"
"Alex Torres","Padres","2","3","0","14","3.63","0","55","55.0","46","22","4","57","31","1.39","9.36","5.04","3.85","-0.3","7038"
"Rafael Perez","Mariners","1","1","0","1","3.77","0","10","10.0","10","4","1","8","2","1.24","6.82","2.19","3.85","0.0","4078"
"Tim Collins","Royals","2","2","0","8","3.61","0","40","40.0","34","16","4","42","18","1.30","9.39","4.07","3.85","0.0","3164"
"Edwin Escobar","Red Sox","1","0","0","1","3.73","0","10","10.0","10","4","1","9","3","1.25","7.66","2.51","3.85","0.0","10337"
"Matt Lindstrom","Angels","0","0","0","1","3.96","0","10","10.0","10","4","1","7","3","1.34","6.19","2.86","3.85","0.0","4604"
"LaTroy Hawkins","Rockies","4","3","6","15","4.00","0","65","65.0","69","29","7","46","16","1.30","6.38","2.17","3.85","0.7","729"
"Brandon Finnegan","Royals","2","2","0","1","3.73","0","25","25.0","24","10","3","23","8","1.26","8.11","2.78","3.85","0.0","16208"
"Jason Hammel","Cubs","9","9","0","0","3.88","28","28","161.0","154","69","18","139","47","1.25","7.73","2.62","3.86","1.6","4538"
"Kris Medlen","Royals","6","5","0","5","3.80","10","45","91.0","93","39","10","66","22","1.26","6.51","2.16","3.86","0.7","9417"
"Alex Claudio","Rangers","2","2","0","10","3.90","0","45","45.0","45","20","5","35","13","1.29","7.07","2.56","3.86","0.1","12890"
"Marco Gonzales","Cardinals","5","4","0","1","3.63","10","35","81.0","76","33","8","70","28","1.27","7.74","3.04","3.86","0.6","15467"
"Lester Oliveros","Twins","1","1","0","1","3.87","0","20","20.0","18","9","2","20","9","1.35","9.11","3.91","3.87","0.0","9167"
"Robbie Erlin","Padres","2","2","0","1","3.94","2","27","34.0","34","15","4","28","10","1.28","7.26","2.63","3.87","0.0","10354"
"Wilton Lopez","Blue Jays","0","0","0","1","3.99","0","10","10.0","11","4","1","7","2","1.26","6.68","1.90","3.87","0.0","4227"
"Kirby Yates","Rays","2","2","0","10","3.54","0","45","45.0","38","18","4","48","22","1.33","9.62","4.36","3.87","0.0","9073"
"Blaine Hardy","Tigers","2","1","0","3","3.79","0","30","30.0","29","13","3","26","11","1.32","7.86","3.28","3.87","0.1","6499"
"Rob Scahill","Pirates","1","1","0","1","3.81","0","25","25.0","24","11","2","20","9","1.32","7.36","3.21","3.88","0.0","9286"
"Matt Cain","Giants","9","9","0","0","3.70","28","28","168.0","154","69","19","142","49","1.21","7.58","2.64","3.88","0.9","4732"
"Taylor Jordan","Nationals","1","1","0","1","3.88","2","12","19.0","20","8","2","13","5","1.29","6.15","2.27","3.88","0.1","10466"
"Jared Hughes","Pirates","3","2","0","11","3.64","0","45","45.0","44","18","3","31","15","1.32","6.28","3.04","3.89","-0.1","9325"
"Sean Marshall","Reds","1","1","0","1","3.53","0","15","15.0","14","6","2","14","6","1.29","8.66","3.47","3.89","0.0","5905"
"Luis Garcia","Phillies","1","1","0","1","3.93","0","20","20.0","18","9","2","19","9","1.38","8.56","4.16","3.90","0.0","6984"
"Charlie Morton","Pirates","3","3","0","0","3.86","8","8","47.0","47","20","4","35","16","1.33","6.67","2.98","3.90","0.3","4676"
"Grant Balfour","Rays","3","2","1","15","3.66","0","55","55.0","47","22","5","53","26","1.33","8.74","4.32","3.90","0.0","718"
"Joba Chamberlain","Tigers","3","2","1","14","4.14","0","55","55.0","54","25","5","49","22","1.37","7.98","3.55","3.90","0.1","2692"
"Bryan Morris","Marlins","3","3","1","16","3.79","0","65","65.0","63","27","5","52","25","1.34","7.21","3.41","3.91","-0.2","10234"
"T.J. McFarland","Orioles","2","2","0","5","3.85","0","35","35.0","36","15","3","24","11","1.34","6.10","2.85","3.91","0.0","3237"
"Leonel Campos","Padres","1","1","0","1","3.90","0","15","15.0","13","6","1","17","9","1.42","10.22","5.27","3.91","0.0","12277"
"Odrisamer Despaigne","Padres","5","6","0","0","3.94","16","16","93.0","88","41","8","75","35","1.32","7.29","3.34","3.92","0.5","16017"
"Mayckol Guaipe","Mariners","0","0","0","1","3.82","0","10","10.0","10","4","1","8","3","1.23","7.44","2.38","3.92","0.0","sa504801"
"Wade Miley","Red Sox","11","9","0","0","4.04","29","29","173.0","173","78","18","139","58","1.34","7.22","3.02","3.92","2.2","8779"
"Vic Black","Mets","3","3","0","14","3.71","0","55","55.0","47","23","5","59","30","1.39","9.61","4.84","3.92","-0.2","9195"
"Wesley Wright","Orioles","2","2","0","8","3.76","0","40","40.0","38","17","4","34","15","1.31","7.67","3.26","3.92","0.0","5960"
"Tim Lincecum","Giants","8","10","0","1","4.13","23","43","152.0","144","70","15","135","58","1.33","8.03","3.47","3.92","0.4","5705"
"Justin De Fratus","Phillies","3","2","0","12","3.80","0","55","55.0","52","23","6","48","18","1.29","7.83","3.01","3.93","-0.1","4955"
"Liam Hendriks","Blue Jays","1","0","0","1","4.04","0","10","10.0","10","4","1","8","2","1.22","7.02","1.62","3.93","0.0","3548"
"Heath Hembree","Red Sox","0","0","0","1","3.87","0","10","10.0","9","4","1","9","4","1.33","8.31","3.58","3.93","0.0","11632"
"Zach Putnam","White Sox","4","3","6","13","3.93","0","55","55.0","52","24","5","48","23","1.35","7.87","3.71","3.93","0.2","9080"
"Felix Doubront","Cubs","4","4","0","9","3.98","5","45","68.0","65","30","7","61","26","1.33","7.99","3.40","3.93","0.3","1478"
"Chase Anderson","Diamondbacks","6","6","1","1","3.91","13","33","94.0","91","41","11","84","29","1.27","8.02","2.76","3.93","0.8","6895"
"Josh Tomlin","Indians","4","5","0","3","4.27","8","38","77.0","81","37","10","61","14","1.24","7.17","1.67","3.93","0.5","9388"
"Juan Nicasio","Dodgers","2","2","5","9","3.84","0","45","45.0","43","19","5","39","14","1.27","7.77","2.81","3.93","-0.1","7731"
"Brian Duensing","Twins","2","2","0","10","4.16","0","45","45.0","47","21","4","35","15","1.38","6.93","3.08","3.93","0.1","4064"
"Shawn Armstrong","Indians","1","1","0","1","4.05","0","15","15.0","14","7","2","16","7","1.37","9.54","4.15","3.94","0.0","sa598951"
"Edward Mujica","Red Sox","2","2","2","15","3.95","0","55","55.0","56","24","6","40","13","1.25","6.54","2.07","3.94","0.3","3970"
"Nicholas Tropeano","Angels","4","4","0","1","4.05","6","31","63.0","61","28","7","51","20","1.29","7.38","2.84","3.94","0.2","12385"
"Rob Wooten","Brewers","1","1","0","1","4.05","0","25","25.0","25","11","2","19","8","1.33","6.97","2.85","3.94","0.0","8532"
"James Russell","Braves","3","2","0","16","3.77","0","55","55.0","52","23","6","44","19","1.29","7.19","3.12","3.95","-0.2","4089"
"Brandon League","Dodgers","3","3","6","12","3.95","0","55","55.0","56","24","4","38","21","1.39","6.17","3.36","3.95","-0.3","3731"
"CC Sabathia","Yankees","12","13","0","0","4.12","32","32","210.0","209","96","26","177","54","1.25","7.61","2.34","3.95","2.6","404"
"Dan Jennings","White Sox","1","2","0","5","4.03","0","35","35.0","34","16","4","33","15","1.39","8.46","3.79","3.95","0.0","8073"
"Mario Hollands","Phillies","2","2","0","10","4.12","0","45","45.0","44","21","4","36","18","1.38","7.27","3.60","3.95","-0.1","10504"
"Tim Stauffer","Twins","4","4","0","8","4.31","5","45","68.0","71","33","7","55","24","1.40","7.29","3.18","3.95","0.3","6432"
"Tom Gorzelanny","Tigers","2","2","0","8","3.97","0","40","40.0","39","18","4","35","14","1.33","7.92","3.17","3.96","0.0","6244"
"Derek Holland","Rangers","11","10","0","0","4.03","32","32","195.0","193","88","24","165","57","1.28","7.60","2.62","3.96","2.5","4141"
"Jesse Chavez","Athletics","5","4","0","1","3.92","10","30","76.0","74","33","9","65","24","1.28","7.72","2.88","3.96","0.5","5448"
"Ryan Pressly","Twins","1","1","0","3","4.20","0","30","30.0","31","14","3","22","10","1.38","6.74","3.15","3.96","0.0","7005"
"Todd Redmond","Blue Jays","3","2","0","16","3.87","0","55","55.0","53","24","6","48","18","1.29","7.84","2.90","3.97","0.2","9943"
"Matt Wisler","Padres","0","1","0","0","4.05","2","2","9.0","9","4","1","8","3","1.29","7.58","2.84","3.97","0.0","sa601046"
"Burch Smith","Rays","0","1","0","1","3.84","0","10","10.0","9","4","1","9","3","1.27","8.49","3.11","3.97","0.0","12784"
"Edwin Jackson","Cubs","5","7","0","3","4.38","11","41","96.0","97","47","10","82","34","1.36","7.68","3.15","3.97","0.6","1841"
"Chaz Roe","Yankees","1","1","0","3","3.75","0","30","30.0","27","13","3","28","12","1.31","8.35","3.55","3.98","0.0","9866"
"Matt Barnes","Red Sox","1","1","0","1","3.93","0","20","20.0","20","9","2","17","7","1.32","7.56","3.14","3.98","0.0","12863"
"Andrew Heaney","Angels","4","4","0","0","3.89","11","11","65.0","63","28","7","54","20","1.27","7.53","2.73","3.98","0.5","15423"
"Lisalverto Bonilla","Rangers","1","1","0","1","3.97","0","15","15.0","14","7","2","15","6","1.33","9.23","3.85","3.98","0.0","11266"
"Ryan Webb","Orioles","1","1","0","1","3.93","0","20","20.0","20","9","2","14","6","1.31","6.45","2.79","3.99","0.0","7474"
"Pedro Baez","Dodgers","1","1","3","3","3.71","0","30","30.0","28","12","3","26","10","1.25","7.76","2.94","3.99","0.0","5420"
"Ian Thomas","Braves","2","2","0","3","3.85","0","30","30.0","27","13","3","31","13","1.33","9.26","3.86","3.99","-0.1","13881"
"Matt Grace","Nationals","1","1","0","1","3.80","0","15","15.0","15","6","1","11","5","1.35","6.43","3.21","3.99","0.0","sa526941"
"Brandon Kintzler","Brewers","2","2","0","8","3.96","0","40","40.0","41","18","4","27","13","1.34","6.16","2.84","3.99","-0.1","9939"
"Steve Geltz","Rays","1","1","0","1","3.69","0","20","20.0","17","8","2","21","9","1.32","9.46","4.14","3.99","0.0","8402"
"Mike Minor","Braves","8","9","0","0","3.85","24","24","145.0","137","62","18","123","41","1.22","7.63","2.54","3.99","0.9","10021"
"Aaron Crow","Marlins","2","2","0","8","4.03","0","40","40.0","39","18","4","32","16","1.37","7.27","3.55","4.00","-0.1","10149"
"Keith Butler","Cardinals","1","1","0","1","3.89","0","20","20.0","19","9","2","17","8","1.35","7.66","3.72","4.00","0.0","10080"
"Rich Hill","Yankees","1","1","0","1","3.84","0","25","25.0","22","11","3","27","13","1.38","9.56","4.60","4.00","0.0","4806"
"Brian Schlitter","Cubs","1","1","0","1","3.96","0","15","15.0","16","7","1","10","5","1.37","5.93","2.98","4.01","0.0","3599"
"Ben Lively","Phillies","3","3","0","0","4.09","8","8","47.0","43","21","5","44","18","1.32","8.45","3.52","4.01","0.4","sa549720"
"Anthony Varvaro","Red Sox","2","2","0","10","3.97","0","45","45.0","44","20","4","35","17","1.36","6.99","3.43","4.01","0.0","2385"
"Matt Garza","Brewers","10","10","0","0","4.03","31","31","186.0","181","83","22","155","55","1.27","7.49","2.66","4.01","1.7","3340"
"Jeremy Mcbryde","Angels","1","0","0","1","3.82","0","10","10.0","9","4","1","9","4","1.32","8.30","3.53","4.01","0.0","sa328275"
"Darin Downs","Astros","1","1","0","1","4.13","0","10","10.0","10","5","1","9","4","1.38","8.06","3.89","4.02","0.0","5903"
"Taijuan Walker","Mariners","3","3","0","0","4.00","8","8","46.0","43","21","5","41","17","1.30","7.91","3.33","4.02","0.4","11836"
"Kyuji Fujikawa","Rangers","1","1","0","3","4.06","0","30","30.0","29","14","4","29","11","1.33","8.75","3.32","4.02","0.1","14443"
"Brett Bochy","Giants","1","1","0","1","3.79","0","15","15.0","14","6","1","13","6","1.33","7.77","3.71","4.02","0.0","11867"
"Tyler Thornburg","Brewers","2","2","0","10","3.89","0","45","45.0","41","19","5","43","20","1.35","8.67","4.00","4.02","0.0","10688"
"J.J. Hoover","Reds","2","1","0","1","3.57","0","25","25.0","21","10","3","28","11","1.25","9.91","3.82","4.03","0.0","9037"
"Casey Sadler","Pirates","1","1","0","1","4.05","0","20","20.0","21","9","2","13","5","1.29","5.79","2.20","4.03","0.0","11209"
"Kyle Gibson","Twins","9","10","0","0","4.42","26","26","146.0","155","72","13","93","47","1.39","5.73","2.92","4.03","1.6","10123"
"Drew Hutchison","Blue Jays","11","10","0","0","4.14","29","29","167.0","159","77","22","158","53","1.27","8.55","2.88","4.03","2.0","10732"
"Jamey Wright","Rangers","0","1","0","1","4.12","0","10","10.0","10","5","1","8","4","1.39","6.99","3.42","4.03","0.0","715"
"Matt Andriese","Rays","1","1","0","1","3.93","0","10","10.0","10","4","1","7","3","1.28","6.73","2.57","4.03","0.0","sa577754"
"John Axford","Rockies","4","3","5","11","4.22","0","55","55.0","51","26","6","57","27","1.42","9.25","4.38","4.04","0.2","9059"
"Sam LeCure","Reds","3","3","3","15","3.83","0","65","65.0","60","28","7","58","25","1.31","8.05","3.47","4.04","-0.2","4664"
"Mike Leake","Reds","10","10","0","0","3.93","29","29","181.0","184","79","21","129","43","1.25","6.43","2.14","4.04","1.2","10130"
"Jimmy Nelson","Brewers","10","10","0","0","4.07","28","28","158.0","151","72","15","140","64","1.36","7.95","3.64","4.05","1.4","10547"
"Caleb Thielbar","Twins","2","2","1","15","4.11","0","55","55.0","55","25","6","44","20","1.36","7.25","3.26","4.05","0.0","10078"
"Brad Brach","Orioles","3","2","0","10","3.69","0","45","45.0","39","18","6","45","18","1.26","9.06","3.52","4.05","0.1","6627"
"Tim Cooney","Cardinals","2","2","0","0","3.99","5","5","28.0","29","13","3","20","8","1.29","6.45","2.45","4.05","0.2","sa621471"
"Stolmy Pimentel","Pirates","1","1","0","3","3.91","0","30","30.0","29","13","3","24","11","1.33","7.26","3.28","4.05","0.0","6415"
"Joe Wieland","Dodgers","2","2","0","0","4.14","6","6","37.0","36","17","5","31","10","1.26","7.48","2.51","4.05","0.1","6109"
"Ryan Vogelsong","Giants","4","5","0","0","4.07","13","13","75.0","74","34","8","57","24","1.31","6.87","2.91","4.06","0.2","1011"
"Shelby Miller","Braves","10","10","0","0","3.82","29","29","167.0","153","71","20","151","61","1.28","8.13","3.28","4.06","1.3","10197"
"Rex Brothers","Rockies","4","3","6","13","4.13","0","65","65.0","60","30","7","68","35","1.46","9.44","4.84","4.06","0.4","9794"
"Phil Klein","Rangers","2","2","0","7","3.83","0","40","40.0","35","17","4","42","20","1.36","9.49","4.44","4.07","0.1","12675"
"Joe Thatcher","Astros","2","2","0","3","3.99","0","30","30.0","30","13","4","27","9","1.31","8.04","2.69","4.07","0.0","4620"
"Jarred Cosart","Marlins","6","6","0","0","4.10","18","18","104.0","103","47","7","71","45","1.43","6.12","3.93","4.07","0.7","10304"
"Ivan Nova","Yankees","7","7","0","0","4.08","19","19","113.0","113","51","13","92","35","1.31","7.31","2.75","4.08","1.1","1994"
"Grayson Garvin","Rays","0","1","0","1","3.97","0","10","10.0","10","4","1","7","3","1.33","6.68","3.00","4.08","0.0","sa526542"
"Alexi Ogando","Red Sox","2","2","0","5","3.91","0","35","35.0","33","15","4","30","13","1.32","7.76","3.36","4.09","0.0","10261"
"Ian Krol","Tigers","1","1","0","1","4.15","0","20","20.0","20","9","2","18","7","1.32","7.95","3.02","4.09","0.0","10066"
"Danny Hultzen","Mariners","1","1","0","0","3.96","2","2","9.0","8","4","1","9","5","1.39","8.23","4.37","4.09","0.1","sa455118"
"C.J. Wilson","Angels","12","12","0","0","4.14","32","32","194.0","185","90","19","166","83","1.38","7.68","3.86","4.09","1.2","3580"
"Clay Buchholz","Red Sox","10","9","0","0","4.15","29","29","180.0","180","83","19","138","58","1.32","6.93","2.89","4.09","2.1","3543"
"Kevin Gausman","Orioles","10","9","0","0","4.11","28","28","160.0","156","73","19","131","53","1.31","7.38","3.01","4.10","1.7","14107"
"Cesar Ramos","Angels","1","1","0","1","4.02","0","20","20.0","19","9","2","16","7","1.33","7.26","3.30","4.10","0.0","3357"
"Charles Brewer","Indians","0","1","0","1","4.28","0","10","10.0","11","5","1","8","3","1.32","7.05","2.42","4.10","0.0","9155"
"T.J. House","Indians","7","9","0","0","4.36","24","24","139.0","150","67","13","98","45","1.40","6.34","2.91","4.10","1.0","9121"
"Shawn Tolleson","Rangers","3","3","4","13","3.92","0","65","65.0","60","28","8","63","26","1.31","8.71","3.57","4.10","0.3","10481"
"Ricky Nolasco","Twins","9","11","0","0","4.61","29","29","172.0","189","88","21","127","41","1.34","6.64","2.14","4.11","1.6","3830"
"Cody Martin","Braves","3","4","0","0","4.13","11","11","65.0","62","30","7","59","27","1.36","8.08","3.67","4.11","0.4","sa549474"
"Alex Meyer","Twins","3","3","0","0","4.32","8","8","47.0","45","22","5","44","22","1.43","8.56","4.17","4.11","0.5","sa455438"
"Daniel Coulombe","Dodgers","0","0","0","1","3.91","0","10","10.0","9","4","1","10","6","1.43","9.43","5.14","4.11","0.0","13293"
"Tom Layne","Red Sox","2","1","0","1","3.90","0","25","25.0","23","11","2","22","12","1.40","7.74","4.21","4.11","0.0","7501"
"J.A. Happ","Mariners","10","11","0","0","4.13","28","28","158.0","153","73","19","135","56","1.32","7.66","3.21","4.12","1.1","7410"
"Tanner Scheppers","Rangers","3","2","0","15","3.93","0","55","55.0","54","24","6","46","18","1.31","7.51","2.90","4.12","0.3","10267"
"Preston Guilmet","Blue Jays","1","1","0","1","4.16","0","10","10.0","10","5","1","9","3","1.26","8.10","2.59","4.13","0.0","7303"
"Jeff Locke","Pirates","9","9","0","0","4.13","28","28","158.0","158","72","15","118","59","1.37","6.71","3.38","4.13","0.6","2929"
"Randall Delgado","Diamondbacks","4","5","5","8","4.10","6","51","83.0","78","38","10","76","31","1.33","8.26","3.40","4.13","0.2","5985"
"Rob Rasmussen","Blue Jays","1","1","0","1","3.94","0","20","20.0","19","9","2","18","9","1.37","8.17","3.89","4.13","0.0","11250"
"Neftali Feliz","Rangers","3","3","32","2","3.87","0","65","65.0","60","28","8","59","26","1.33","8.15","3.59","4.14","0.4","18"
"Trevor Cahill","Diamondbacks","5","6","0","0","4.32","16","16","93.0","91","44","9","77","40","1.41","7.49","3.89","4.14","0.7","6249"
"Jake Petricka","White Sox","3","3","0","12","4.13","0","55","55.0","54","25","5","43","26","1.46","7.05","4.26","4.15","0.0","10534"
"Wei-Yin Chen","Orioles","11","10","0","0","4.02","29","29","175.0","175","78","23","132","42","1.24","6.80","2.17","4.15","1.9","13071"
"Justin Masterson","Red Sox","10","10","0","0","4.24","29","29","167.0","163","79","14","136","74","1.41","7.33","3.96","4.15","1.7","2038"
"Brooks Brown","Rockies","1","0","0","1","4.16","0","15","15.0","15","7","2","12","5","1.34","7.44","2.94","4.16","0.0","5679"
"Yovani Gallardo","Rangers","11","11","0","0","4.34","31","31","183.0","189","88","22","142","59","1.35","6.95","2.91","4.16","2.0","8173"
"Wily Peralta","Brewers","11","12","0","0","4.19","31","31","180.0","179","84","19","144","68","1.37","7.22","3.38","4.16","1.2","7738"
"Brad Hand","Marlins","1","2","0","1","4.11","2","22","29.0","29","13","3","24","12","1.39","7.28","3.80","4.16","0.0","9111"
"Louis Coleman","Royals","1","1","0","3","3.87","0","30","30.0","27","13","4","28","13","1.33","8.34","3.75","4.16","0.0","9720"
"Matt Stites","Diamondbacks","1","1","1","1","4.07","0","25","25.0","24","11","3","22","9","1.30","7.87","3.07","4.16","0.0","12165"
"Cory Rasmus","Angels","2","2","0","8","3.93","0","40","40.0","36","17","4","38","19","1.38","8.47","4.28","4.16","-0.1","2413"
"Rubby de la Rosa","Diamondbacks","7","9","0","1","4.26","23","33","138.0","140","65","15","108","50","1.37","7.06","3.26","4.17","1.0","3862"
"Steve Delabar","Blue Jays","2","2","0","8","4.04","0","40","40.0","35","18","5","45","21","1.38","10.15","4.64","4.17","0.0","11827"
"Justin Wilson","Yankees","2","2","0","10","3.88","0","45","45.0","39","19","5","46","23","1.37","9.25","4.55","4.17","0.0","4301"
"Sean Nolin","Athletics","2","2","0","1","4.07","3","18","34.0","33","15","4","27","13","1.34","7.19","3.37","4.17","0.1","11341"
"A.J. Achter","Twins","1","1","0","1","4.33","0","15","15.0","15","7","2","12","6","1.39","7.39","3.39","4.18","0.0","11387"
"Nate Karns","Rays","4","5","0","3","4.00","8","38","77.0","70","34","9","73","32","1.33","8.48","3.74","4.18","0.3","12638"
"Scott Rice","Mets","2","2","0","3","4.07","0","30","30.0","28","14","2","26","16","1.46","7.65","4.66","4.18","-0.1","2743"
"Shane Greene","Tigers","8","7","0","0","4.46","23","23","130.0","136","65","14","102","47","1.41","7.03","3.28","4.18","1.1","10756"
"Brandon Cumpton","Pirates","3","4","0","0","4.35","10","10","56.0","60","27","5","34","17","1.38","5.52","2.82","4.19","0.2","11366"
"Lucas Luetge","Mariners","1","1","0","1","4.12","0","20","20.0","19","9","2","17","9","1.39","7.87","4.10","4.19","0.0","8337"
"Esmil Rogers","Yankees","2","2","0","8","4.24","0","40","40.0","40","19","5","33","13","1.33","7.50","3.00","4.19","0.0","6317"
"Ervin Santana","Twins","11","13","0","0","4.51","32","32","201.0","210","101","25","160","64","1.36","7.14","2.84","4.19","1.7","3200"
"Yohan Pino","Royals","1","1","0","1","4.04","0","10","10.0","10","4","1","8","3","1.25","7.10","2.36","4.19","0.0","6955"
"Cesar Jimenez","Phillies","2","2","0","8","4.07","0","40","40.0","39","18","4","32","17","1.40","7.25","3.85","4.19","-0.1","3762"
"Mike Kickham","Mariners","1","1","0","1","4.25","2","12","19.0","19","9","2","16","8","1.41","7.29","3.77","4.19","0.0","11618"
"Tony Cingrani","Reds","9","9","0","0","3.79","28","28","157.0","134","66","21","167","70","1.30","9.59","4.01","4.19","1.3","12555"
"Jake Odorizzi","Rays","10","11","0","0","4.06","29","29","167.0","156","75","21","150","62","1.31","8.07","3.34","4.20","1.1","6397"
"Jarrod Parker","Athletics","3","3","0","0","4.14","8","8","49.0","48","22","5","35","16","1.32","6.49","2.99","4.20","0.3","4913"
"Chad Bettis","Rockies","2","2","2","5","4.44","0","35","35.0","37","17","4","29","12","1.40","7.48","3.18","4.20","0.0","10587"
"Jered Weaver","Angels","13","11","0","0","3.91","32","32","204.0","195","89","26","157","56","1.24","6.95","2.50","4.20","1.4","4235"
"Justin Nicolino","Marlins","0","1","0","0","4.38","2","2","9.0","10","5","1","5","2","1.33","4.65","1.95","4.20","0.1","sa548278"
"Joel Hanrahan","Tigers","3","3","0","10","4.00","0","45","45.0","40","20","5","47","23","1.39","9.35","4.51","4.20","0.0","2186"
"Danny Duffy","Royals","9","8","0","0","3.71","24","24","139.0","127","57","15","115","57","1.32","7.43","3.68","4.21","1.5","3542"
"Gonzalez Germen","Yankees","1","1","0","1","4.02","0","15","15.0","14","7","2","14","6","1.33","8.11","3.50","4.21","0.0","5876"
"J.R. Graham","Twins","2","2","0","5","4.47","0","35","35.0","38","17","3","24","12","1.42","6.20","3.05","4.21","0.0","sa579841"
"Mark Buehrle","Blue Jays","12","11","0","0","4.27","32","32","204.0","226","97","23","121","49","1.35","5.35","2.15","4.21","2.2","225"
"Andrew Chafin","Diamondbacks","0","1","0","1","4.12","0","10","10.0","10","5","1","8","4","1.39","7.14","3.64","4.21","0.0","12988"
"Trevor Bauer","Indians","9","11","0","0","4.38","31","31","180.0","173","88","21","171","78","1.39","8.51","3.87","4.21","1.2","12703"
"David Rollins","Mariners","1","2","0","3","4.10","0","30","30.0","29","14","3","25","12","1.36","7.48","3.45","4.21","-0.1","sa455425"
"Gavin Floyd","Indians","1","2","0","0","4.34","5","5","28.0","29","13","3","22","9","1.35","7.23","2.84","4.22","0.2","3886"
"Jeremy Hellickson","Diamondbacks","9","11","0","0","4.28","28","28","159.0","162","76","21","123","45","1.30","6.95","2.53","4.22","1.0","4371"
"Jose Valdez","Tigers","0","1","0","1","4.19","0","10","10.0","9","5","1","9","5","1.41","8.05","4.32","4.22","0.0","sa506748"
"Nick Kingham","Pirates","1","1","0","0","4.31","3","3","19.0","19","9","2","13","6","1.36","6.43","3.10","4.22","0.1","sa548285"
"Drew Pomeranz","Athletics","10","10","0","1","4.01","26","36","160.0","147","71","18","144","69","1.35","8.06","3.87","4.22","1.1","11426"
"Brian Flynn","Royals","1","1","0","1","4.12","0","20","20.0","21","9","2","14","7","1.37","6.38","3.08","4.22","0.0","12027"
"Roenis Elias","Mariners","9","10","0","0","4.15","26","26","146.0","141","67","16","121","57","1.35","7.45","3.49","4.23","0.9","12673"
"Tom Koehler","Marlins","4","4","0","0","4.29","11","11","66.0","66","31","7","51","26","1.39","6.91","3.57","4.23","0.3","6570"
"Matt Moore","Rays","10","11","0","0","3.97","28","28","158.0","142","70","17","144","73","1.36","8.19","4.16","4.23","0.8","1890"
"Radhames Liz"," ","2","2","0","0","4.13","0","40","40.0","40","18","3","28","17","1.41","6.35","3.75","4.23","-0.2","5843"
"Dillon Gee","Mets","4","5","0","0","4.26","13","13","79.0","80","37","10","59","22","1.30","6.70","2.52","4.24","0.2","7396"
"Chase Whitley","Yankees","3","3","0","5","4.32","3","38","54.0","54","26","7","44","18","1.34","7.36","2.99","4.24","0.1","10982"
"Chris Capuano","Yankees","4","4","0","0","4.35","13","13","74.0","75","36","10","60","24","1.33","7.28","2.87","4.25","0.7","1701"
"Spencer Patton","Rangers","1","1","0","1","4.22","0","10","10.0","9","5","1","10","4","1.35","8.84","3.75","4.25","0.0","12361"
"Jesse Hahn","Athletics","7","7","0","0","4.21","24","24","140.0","136","65","14","104","57","1.38","6.70","3.65","4.25","0.8","13287"
"Taylor Hill","Nationals","1","1","0","1","4.16","0","20","20.0","22","9","2","12","4","1.29","5.29","1.81","4.25","0.0","12515"
"Jon Gray","Rockies","5","4","0","0","4.47","13","13","75.0","77","37","9","60","26","1.37","7.28","3.10","4.26","1.0","sa549112"
"Jacob Turner","Cubs","3","4","0","5","4.55","3","38","54.0","57","27","6","39","18","1.39","6.46","2.93","4.26","0.0","10185"
"Martin Perez","Rangers","3","3","0","0","4.37","8","8","49.0","51","24","5","33","17","1.39","6.06","3.05","4.26","0.5","6902"
"Vidal Nuno","Diamondbacks","4","4","0","1","4.15","10","25","71.0","71","33","10","57","20","1.27","7.23","2.49","4.26","0.4","9674"
"Carlos Frias","Dodgers","1","1","0","0","4.39","2","2","9.0","10","4","1","6","3","1.35","6.04","2.79","4.26","0.0","3547"
"Jared Burton","Yankees","1","1","0","1","3.95","0","10","10.0","9","4","1","8","4","1.29","7.64","3.16","4.26","0.0","8346"
"Eric Stults","Braves","1","2","0","0","4.35","5","5","28.0","30","14","3","19","7","1.32","5.94","2.34","4.26","0.1","8011"
"Enrique Burgos","Diamondbacks","1","1","0","1","4.30","0","10","10.0","9","5","1","11","6","1.50","9.85","5.71","4.26","0.0","sa503551"
"Miguel Gonzalez","Phillies","4","5","0","3","4.32","8","38","77.0","74","37","9","65","31","1.36","7.64","3.59","4.27","0.3","15675"
"Paul Maholm","Reds","2","3","0","10","4.00","0","45","45.0","46","20","5","32","13","1.31","6.35","2.64","4.27","-0.2","8678"
"Ryan Dennick","Reds","1","2","0","5","3.96","0","35","35.0","33","15","4","28","13","1.33","7.21","3.40","4.27","-0.1","9261"
"Eury De la Rosa","Athletics","1","1","0","1","4.03","0","25","25.0","24","11","3","21","11","1.39","7.58","4.03","4.27","0.0","4055"
"Josh Collmenter","Diamondbacks","10","11","0","0","4.16","31","31","184.0","186","85","24","132","51","1.28","6.46","2.47","4.27","1.3","7312"
"Luis Avilan","Braves","2","2","0","11","4.02","0","45","45.0","44","20","4","33","21","1.43","6.54","4.18","4.27","-0.3","2882"
"Nathan Eovaldi","Yankees","9","10","0","0","4.46","29","29","168.0","177","83","21","122","49","1.34","6.54","2.63","4.29","1.4","9132"
"Johan Santana","Blue Jays","2","2","0","0","4.33","6","6","37.0","37","18","5","30","12","1.33","7.29","2.90","4.29","0.3","755"
"Daniel Norris","Blue Jays","9","8","0","0","4.28","24","24","139.0","128","66","19","142","62","1.37","9.18","4.01","4.29","1.1","13475"
"Eduardo Rodriguez","Red Sox","1","1","0","0","4.37","3","3","19.0","19","9","2","13","7","1.40","6.51","3.28","4.30","0.2","sa548722"
"Bud Norris","Orioles","8","7","0","0","4.13","21","21","122.0","119","56","16","102","42","1.32","7.50","3.08","4.30","1.0","9492"
"Henry Owens","Red Sox","3","3","0","0","4.18","8","8","47.0","43","22","5","44","22","1.41","8.50","4.33","4.30","0.4","sa597755"
"Kyle Lohse","Brewers","10","11","0","0","4.17","31","31","193.0","199","89","27","135","42","1.25","6.30","1.98","4.31","1.1","739"
"Hector Santiago","Angels","8","8","0","3","4.00","19","49","143.0","135","63","16","119","57","1.34","7.53","3.57","4.31","0.6","4026"
"Brandon Workman","Red Sox","3","3","0","1","4.35","6","21","53.0","53","25","7","43","17","1.34","7.30","2.97","4.31","0.4","11428"
"Jonathan Pettibone","Phillies","1","1","0","0","4.57","3","3","19.0","20","9","2","12","6","1.40","5.92","2.88","4.31","0.1","7106"
"Aaron Nola","Phillies","3","4","0","0","4.57","11","11","64.0","67","32","9","50","17","1.31","7.02","2.40","4.31","0.3","sa599230"
"Nick Greenwood","Cardinals","1","1","0","1","4.19","0","15","15.0","16","7","2","9","4","1.35","5.18","2.63","4.32","0.0","8182"
"Brett Oberholtzer","Astros","9","11","0","0","4.66","28","28","162.0","179","84","23","114","36","1.33","6.33","2.02","4.32","1.2","3855"
"Kevin Chapman","Astros","1","1","0","1","4.32","0","25","25.0","23","12","2","25","15","1.52","8.91","5.37","4.32","-0.1","11240"
"Tommy Kahnle","Rockies","1","1","0","1","4.44","0","20","20.0","19","10","2","19","11","1.46","8.64","4.74","4.32","0.0","11384"
"Andre Rienzo","Marlins","5","6","0","3","4.49","11","41","96.0","97","48","9","73","42","1.45","6.86","3.90","4.33","0.1","3507"
"Juan Oviedo","Rangers","1","1","0","1","4.27","0","10","10.0","10","5","1","9","4","1.38","7.72","3.72","4.33","0.0","2886"
"AJ Schugel","Diamondbacks","0","1","0","1","4.35","0","10","10.0","10","5","1","7","4","1.41","6.73","3.48","4.33","0.0","sa546773"
"Ubaldo Jimenez","Orioles","6","6","0","3","4.22","13","43","105.0","96","49","13","98","50","1.39","8.40","4.31","4.33","0.6","3374"
"Erasmo Ramirez","Mariners","2","2","0","1","4.32","3","18","34.0","35","16","4","25","10","1.32","6.63","2.65","4.34","0.1","10314"
"R.A. Dickey","Blue Jays","13","12","0","0","4.10","32","32","209.0","203","95","27","164","64","1.28","7.06","2.77","4.34","2.0","1245"
"Kevin Slowey","Phillies","3","5","0","1","4.62","11","21","76.0","82","39","10","57","20","1.33","6.73","2.32","4.34","0.2","9918"
"Jairo Diaz","Rockies","1","1","1","1","4.46","0","25","25.0","25","12","3","22","10","1.43","7.92","3.76","4.34","0.0","12774"
"A.J. Griffin","Athletics","3","3","0","0","4.06","8","8","47.0","46","21","7","37","13","1.24","7.04","2.43","4.35","0.2","11132"
"Greg Burke","Rockies","0","0","0","1","4.45","0","10","10.0","10","5","1","9","4","1.40","7.97","3.56","4.35","0.0","6282"
"Jake Buchanan","Astros","2","3","0","8","4.66","0","40","40.0","46","21","5","22","10","1.39","5.03","2.20","4.35","-0.1","10962"
"Wandy Rodriguez","Braves","3","4","0","0","4.31","11","11","65.0","66","31","9","48","19","1.31","6.74","2.60","4.36","0.2","2586"
"Tyler Matzek","Rockies","9","8","0","0","4.56","23","23","134.0","137","68","15","109","58","1.46","7.31","3.92","4.36","1.5","10058"
"Matt Harrison","Rangers","2","2","0","1","4.40","3","13","28.0","30","14","3","19","10","1.40","5.95","3.14","4.36","0.2","5551"
"Dustin McGowan","Dodgers","1","2","3","5","4.07","0","35","35.0","33","16","4","30","15","1.36","7.79","3.76","4.37","-0.1","8600"
"Joe Kelly","Red Sox","8","8","0","0","4.39","24","24","140.0","144","68","14","94","54","1.42","6.05","3.50","4.37","1.1","9761"
"Anthony DeSclafani","Reds","7","10","0","0","4.38","24","24","139.0","140","67","19","109","40","1.29","7.08","2.57","4.38","0.4","13050"
"Alex Colome","Rays","6","7","0","1","4.28","13","38","100.0","98","48","10","74","44","1.42","6.60","3.95","4.38","0.2","6661"
"Jorge de la Rosa","Rockies","13","11","0","0","4.45","32","32","190.0","195","94","22","144","71","1.40","6.81","3.34","4.38","2.1","2047"
"Kendall Graveman","Athletics","6","6","0","1","4.38","16","26","104.0","110","51","11","59","30","1.35","5.14","2.58","4.38","0.3","15514"
"Robbie Ray","Diamondbacks","2","2","1","3","4.31","0","30","30.0","30","14","4","25","12","1.39","7.57","3.62","4.40","-0.1","11486"
"Bronson Arroyo","Diamondbacks","1","1","0","0","4.32","2","2","10.0","11","5","1","6","2","1.28","5.25","1.80","4.40","0.1","978"
"C.J. Riefenhauser","Rays","1","1","0","1","4.21","0","15","15.0","15","7","2","12","7","1.41","6.97","3.95","4.40","0.0","11193"
"Pedro Villarreal","Reds","1","1","0","1","4.25","0","20","20.0","20","9","3","15","6","1.31","6.75","2.73","4.40","-0.1","9904"
"Jordan Lyles","Rockies","5","5","0","0","4.64","16","16","93.0","101","48","10","64","31","1.42","6.16","3.04","4.40","1.0","7593"
"Aaron Harang","Phillies","8","12","0","0","4.61","28","28","163.0","171","84","20","121","58","1.40","6.66","3.20","4.41","0.4","1451"
"Chris Tillman","Orioles","11","11","0","0","4.16","32","32","197.0","191","91","27","152","65","1.30","6.97","2.95","4.42","1.4","5279"
"Enny Romero","Rays","0","1","0","1","4.23","0","10","10.0","10","5","1","8","5","1.42","7.40","4.14","4.43","0.0","4001"
"Eric Surkamp","White Sox","1","1","0","1","4.40","0","20","20.0","20","10","3","17","7","1.36","7.73","3.07","4.43","0.0","2540"
"Eric Fornataro","Nationals","1","1","0","1","4.27","0","10","10.0","10","5","1","6","4","1.42","5.43","3.33","4.43","0.0","7042"
"Brandon Beachy","Dodgers","4","4","0","0","4.26","11","11","66.0","63","31","9","51","24","1.33","6.97","3.26","4.43","0.0","8851"
"Daniel Webb","White Sox","2","2","0","8","4.52","0","40","40.0","38","20","4","36","23","1.53","7.99","5.17","4.44","-0.1","10558"
"Alex Wilson","Tigers","1","1","0","1","4.34","0","25","25.0","25","12","3","19","10","1.41","6.73","3.63","4.44","0.0","9239"
"Danny Burawa","Yankees","0","1","0","1","4.38","0","10","10.0","9","5","1","9","5","1.47","8.36","4.82","4.45","0.0","sa549108"
"Joe Saunders","Mariners","1","2","0","1","4.48","0","25","25.0","27","12","3","16","8","1.39","5.79","2.71","4.45","-0.1","4366"
"Mike Foltynewicz","Braves","4","5","0","1","4.38","11","31","86.0","81","42","10","76","41","1.43","7.96","4.32","4.45","0.2","10811"
"Aaron Brooks","Royals","0","1","0","1","4.52","0","10","10.0","11","5","1","6","2","1.30","5.35","1.77","4.45","0.0","12272"
"Kyle Lobstein","Tigers","2","2","0","1","4.75","5","15","38.0","41","20","5","27","13","1.43","6.28","3.14","4.46","0.2","9178"
"Jason Vargas","Royals","10","11","0","0","4.24","31","31","191.0","196","90","26","124","47","1.27","5.85","2.23","4.46","1.2","8044"
"Carlos Contreras","Reds","0","1","0","1","4.20","0","10","10.0","9","5","1","9","5","1.44","8.43","4.91","4.46","0.0","10386"
"Scott Feldman","Astros","9","12","0","0","4.64","29","29","176.0","190","91","21","115","52","1.38","5.85","2.67","4.46","0.9","6283"
"Zach Lee","Dodgers","1","1","0","0","4.44","3","3","19.0","19","9","2","13","6","1.34","6.37","2.93","4.46","0.0","sa548182"
"Michael Blazek","Brewers","1","1","0","1","4.30","0","15","15.0","14","7","2","13","7","1.44","7.99","4.32","4.47","0.0","9654"
"Marco Estrada","Blue Jays","10","9","0","1","4.38","26","51","175.0","172","85","30","151","47","1.25","7.76","2.43","4.47","1.3","1118"
"Michael Mariot","Royals","1","1","0","1","4.37","0","15","15.0","15","7","2","11","6","1.41","6.73","3.69","4.48","0.0","10835"
"Allen Webster","Diamondbacks","6","7","0","0","4.43","21","21","119.0","121","59","13","87","47","1.41","6.55","3.57","4.48","0.6","3993"
"Samuel Deduno","Astros","3","3","0","1","4.59","6","26","58.0","58","29","6","46","28","1.48","7.24","4.35","4.49","0.1","5285"
"Jerome Williams","Phillies","4","7","0","0","4.73","16","16","94.0","101","49","12","64","29","1.39","6.10","2.83","4.49","0.1","1137"
"Tommy Milone","Twins","4","5","0","0","4.74","15","15","84.0","94","44","12","58","23","1.39","6.26","2.44","4.50","0.6","7608"
"Archie Bradley","Diamondbacks","2","2","0","0","4.52","5","5","28.0","27","14","3","23","15","1.50","7.44","4.78","4.51","0.1","sa597753"
"Javy Guerra","White Sox","2","2","0","10","4.63","0","45","45.0","46","23","5","36","20","1.46","7.21","4.00","4.51","-0.1","7407"
"Travis Wood","Cubs","8","10","0","0","4.35","26","26","150.0","148","72","19","117","57","1.37","7.04","3.40","4.52","0.6","9884"
"Dylan Axelrod","Reds","2","3","0","3","4.41","3","33","49.0","49","24","7","38","15","1.33","7.04","2.84","4.52","-0.1","9303"
"Trevor May","Twins","1","1","0","0","4.82","2","2","9.0","9","5","1","8","4","1.48","7.69","4.08","4.53","0.1","6398"
"Aaron Sanchez","Blue Jays","6","6","0","10","4.44","11","56","111.0","105","55","11","92","57","1.47","7.45","4.65","4.53","0.2","11490"
"Jason Hursh","Braves","3","4","0","0","4.61","10","10","56.0","60","29","6","33","19","1.42","5.32","3.05","4.53","0.1","sa548316"
"Edinson Volquez","Royals","9","10","0","0","4.55","28","28","159.0","160","81","18","120","66","1.42","6.76","3.75","4.53","0.7","3990"
"Pat McCoy","Orioles","0","0","0","1","4.44","0","10","10.0","10","5","1","7","4","1.41","6.39","3.43","4.54","0.0","6605"
"Ross Detwiler","Rangers","7","8","0","0","4.62","24","24","139.0","153","71","16","86","45","1.42","5.56","2.89","4.54","1.1","2859"
"Chad Jenkins","Blue Jays","2","2","0","13","4.62","0","55","55.0","62","28","8","33","13","1.36","5.32","2.08","4.54","-0.3","10326"
"Roman Mendez","Rangers","2","2","0","12","4.42","0","55","55.0","54","27","6","44","24","1.43","7.19","3.97","4.54","0.0","10307"
"John Lamb","Royals","1","1","0","1","4.32","0","10","10.0","10","5","1","8","4","1.40","6.96","3.49","4.55","0.0","sa454551"
"Ryan Tepera","Blue Jays","2","2","0","3","4.52","0","30","30.0","30","15","4","24","13","1.43","7.22","3.76","4.55","-0.1","sa502039"
"Brent Suter","Brewers","0","1","0","0","4.62","2","2","9.0","10","5","1","7","4","1.42","6.35","3.41","4.55","0.0","sa621681"
"Craig Breslow","Red Sox","3","3","0","13","4.39","0","55","55.0","57","27","6","39","23","1.45","6.36","3.84","4.55","-0.2","4363"
"Mike Montgomery","Rays","0","1","0","1","4.36","0","10","10.0","10","5","1","7","4","1.41","6.24","3.64","4.56","0.0","sa454399"
"Aaron Thompson","Twins","0","1","0","1","4.78","0","10","10.0","11","5","1","7","4","1.47","6.37","3.51","4.56","0.0","999"
"Ryan Buchter","Braves","2","2","0","8","4.32","0","40","40.0","34","19","4","43","28","1.56","9.76","6.33","4.56","-0.3","9456"
"Steven Wright","Red Sox","1","2","0","3","4.51","0","30","30.0","31","15","3","21","12","1.45","6.31","3.67","4.57","-0.1","8185"
"Scott Barnes","Blue Jays","2","2","0","5","4.46","0","35","35.0","33","17","4","34","18","1.45","8.70","4.66","4.57","-0.1","8718"
"David Buchanan","Phillies","6","9","0","0","4.65","21","21","120.0","130","62","15","75","38","1.40","5.62","2.86","4.58","0.2","11176"
"Mike Strong","Brewers","0","0","0","1","4.48","0","10","10.0","9","5","1","10","5","1.46","8.68","4.65","4.59","0.0","sa502184"
"Evan Meek","Orioles","1","1","0","1","4.43","0","10","10.0","10","5","1","7","4","1.42","6.05","3.56","4.59","0.0","5109"
"Josh Zeid","Tigers","1","1","0","1","4.73","0","15","15.0","15","8","2","13","7","1.47","7.70","4.11","4.60","0.0","6527"
"Jose Ramirez","Yankees","1","1","0","1","4.28","0","10","10.0","9","5","1","10","5","1.43","8.95","4.62","4.60","0.0","10171"
"Dylan Bundy","Orioles","5","5","0","1","4.44","11","26","81.0","80","40","10","61","33","1.40","6.81","3.65","4.60","0.3","12917"
"Alfredo Simon","Tigers","8","9","0","0","4.75","24","24","146.0","160","77","18","88","46","1.42","5.42","2.84","4.61","0.7","2155"
"Bo Schultz","Blue Jays","1","1","0","1","4.70","0","15","15.0","16","8","2","10","5","1.41","5.95","2.94","4.61","0.0","5028"
"Ethan Martin","Phillies","2","3","0","1","4.52","6","31","63.0","59","31","8","56","33","1.47","8.12","4.72","4.61","-0.1","3877"
"Joe Beimel","Rangers","1","1","0","1","4.48","0","25","25.0","26","12","3","16","10","1.45","5.83","3.57","4.61","0.0","979"
"Jeremy Guthrie","Royals","10","12","0","0","4.44","32","32","195.0","210","96","25","112","51","1.34","5.17","2.36","4.62","0.8","2072"
"Drake Britton","Red Sox","1","1","0","1","4.45","0","10","10.0","10","5","1","7","5","1.49","6.25","4.20","4.62","0.0","2868"
"Dan Straily","Astros","3","4","0","0","4.57","11","11","63.0","63","32","9","56","25","1.39","8.00","3.60","4.63","0.4","9460"
"Roberto Hernandez","Astros","1","1","0","1","4.61","2","12","19.0","20","10","2","13","7","1.39","5.96","3.06","4.65","0.0","3273"
"David Goforth","Brewers","1","1","0","1","4.58","0","10","10.0","10","5","1","7","5","1.50","6.50","4.30","4.65","0.0","sa526815"
"Jhoulys Chacin","Rockies","11","11","0","0","4.77","29","29","172.0","186","91","22","112","63","1.45","5.86","3.30","4.65","1.4","2608"
"Angel Nesbitt","Tigers","0","0","0","1","4.73","0","10","10.0","10","5","1","8","4","1.46","7.10","3.88","4.65","0.0","sa505061"
"Logan Darnell","Twins","0","1","0","1","4.94","0","10","10.0","11","5","1","7","4","1.46","6.35","3.18","4.67","0.0","11261"
"Rafael Betancourt","Rockies","1","1","0","1","4.71","0","10","10.0","10","5","1","8","4","1.41","6.96","3.28","4.68","0.0","177"
"Nick Tepesch","Rangers","5","6","0","1","4.73","15","25","95.0","104","50","12","57","29","1.41","5.47","2.77","4.68","0.5","11716"
"Colby Lewis","Rangers","9","11","0","0","4.86","26","26","148.0","162","80","24","110","41","1.37","6.70","2.50","4.68","1.0","1259"
"Ryan Merritt","Indians","0","1","0","1","4.91","0","10","10.0","11","5","1","6","3","1.38","5.69","2.25","4.69","0.0","sa598282"
"Drew VerHagen","Tigers","3","3","0","1","4.99","6","16","48.0","54","26","5","25","15","1.46","4.73","2.91","4.71","0.1","13424"
"Carlos Rodon"," ","2","2","0","0","4.39","5","5","28.0","25","14","4","32","18","1.51","10.16","5.61","4.72","0.1","sa598286"
"Gus Schlosser","Rockies","2","2","1","3","4.87","0","30","30.0","33","16","4","20","11","1.49","5.90","3.43","4.73","0.0","12321"
"Kyle Kendrick","Rockies","7","7","0","0","4.96","19","19","114.0","130","63","16","67","32","1.42","5.31","2.54","4.74","1.0","6230"
"Alex White","Astros","1","1","0","1","4.98","2","12","19.0","21","11","2","14","9","1.52","6.65","4.04","4.75","0.0","10054"
"Alex Gonzalez","Rangers","1","1","0","0","4.93","3","3","19.0","20","10","2","12","7","1.45","5.74","3.25","4.76","0.1","sa709714"
"Mike Pelfrey","Twins","4","5","0","0","5.21","13","13","73.0","85","43","9","44","27","1.52","5.40","3.31","4.77","0.2","5203"
"Branden Pinder","Yankees","0","1","0","1","4.69","0","10","10.0","10","5","1","8","4","1.43","7.10","3.76","4.78","0.0","sa598304"
"Elvis Araujo","Phillies","0","1","0","1","4.70","0","15","15.0","15","8","2","13","9","1.54","7.84","5.14","4.82","-0.1","sa598786"
"Kyle Drabek","Blue Jays","0","1","0","1","4.86","0","10","10.0","11","5","2","7","4","1.43","6.44","3.15","4.83","0.0","4359"
"Miguel Gonzalez","Orioles","8","8","0","0","4.47","23","23","133.0","135","66","21","93","42","1.33","6.30","2.84","4.87","0.5","7024"
"Buck Farmer","Tigers","3","4","0","1","5.11","8","18","57.0","62","32","9","43","20","1.44","6.77","3.19","4.87","0.0","14814"
"Will Locante","Diamondbacks","0","1","0","1","4.77","0","10","10.0","9","5","1","9","7","1.62","7.65","6.11","4.92","0.0","sa577888"
"Taylor Jungmann","Brewers","3","4","0","0","4.93","8","8","47.0","48","26","6","34","22","1.51","6.66","4.34","4.92","-0.1","sa455475"
"Brad Peacock","Astros","6","9","0","1","5.09","19","29","123.0","126","69","19","106","57","1.49","7.80","4.17","4.92","0.1","5401"
"Stephen Pryor","Twins","1","1","0","1","5.09","0","25","25.0","25","14","3","21","15","1.61","7.67","5.35","4.92","-0.1","10663"
"David Hale","Rockies","3","4","5","9","5.03","3","48","64.0","72","36","8","38","27","1.57","5.36","3.87","4.93","-0.1","9756"
"Jonathan Edwards","Rangers","1","1","0","1","4.89","0","20","20.0","19","11","2","19","14","1.65","8.43","6.32","4.94","0.0","1483"
"Anthony Ranaudo","Rangers","4","5","0","5","4.79","6","41","73.0","77","39","11","50","29","1.45","6.21","3.54","4.94","0.1","11424"
"Onelki Garcia","White Sox","1","1","0","1","4.94","0","15","15.0","14","8","2","14","10","1.63","8.52","6.09","4.94","0.0","13674"
"Eddie Butler","Rockies","5","6","0","0","5.21","15","15","84.0","95","48","11","51","33","1.54","5.44","3.55","4.95","0.4","13453"
"Matt Magill","Reds","3","4","0","0","4.83","10","10","56.0","51","30","7","50","35","1.56","8.10","5.66","4.98","-0.1","3950"
"Frankie Montas","White Sox","1","1","0","1","5.16","2","12","19.0","20","11","3","16","10","1.53","7.59","4.43","4.99","0.0","sa551258"
"Chris Bassitt","Athletics","1","2","0","1","4.80","3","13","29.0","29","15","3","21","15","1.54","6.41","4.74","4.99","0.0","12304"
"Maikel Cleto","White Sox","1","2","0","3","4.96","0","30","30.0","28","17","4","31","20","1.59","9.44","5.96","5.00","-0.1","5529"
"Jhondaniel Medina","Pirates","0","1","0","1","5.13","0","10","10.0","10","6","1","7","7","1.66","6.68","6.04","5.01","-0.1","sa550551"
"Tim Berry","Orioles","2","3","0","1","4.94","5","15","38.0","41","21","6","25","14","1.44","5.83","3.34","5.02","0.0","sa503777"
"Chris Young","Royals","3","4","0","1","4.71","8","18","57.0","58","30","9","37","20","1.37","5.86","3.20","5.03","0.1","3196"
"Kyle Ryan","Tigers","2","2","0","1","5.28","3","13","29.0","34","17","4","15","9","1.47","4.66","2.71","5.05","0.0","11753"
"Keyvius Sampson","Reds","0","1","0","1","4.83","0","10","10.0","9","5","2","10","6","1.50","8.91","5.23","5.08","-0.1","sa501217"
"John Danks","White Sox","6","10","0","0","5.22","23","23","133.0","147","77","21","85","48","1.47","5.77","3.25","5.10","0.1","6329"
"Jason Wheeler","Twins","0","1","0","1","5.29","0","10","10.0","11","6","2","6","4","1.52","5.65","3.30","5.10","0.0","sa579049"
"Bryan Mitchell","Yankees","2","3","0","1","5.19","3","23","39.0","41","22","5","29","19","1.54","6.63","4.35","5.11","-0.1","11479"
"David Holmberg","Reds","1","2","0","0","4.87","5","5","28.0","29","15","4","18","11","1.44","5.71","3.50","5.12","-0.1","7725"
"Nick Martinez","Rangers","2","3","0","0","5.16","6","6","37.0","40","21","5","23","15","1.50","5.52","3.64","5.15","0.1","12730"
"Michael Ynoa","White Sox","1","2","0","1","5.31","0","25","25.0","25","15","3","21","15","1.63","7.53","5.54","5.17","-0.1","sa549595"
"Erik Johnson","White Sox","3","5","0","1","5.45","10","20","66.0","73","40","9","44","31","1.57","6.03","4.24","5.19","0.0","12520"
"Christian Bergman","Rockies","3","4","0","0","5.42","11","11","63.0","76","38","11","36","15","1.44","5.13","2.18","5.19","0.2","10925"
"Hector Noesi","White Sox","7","10","0","0","5.42","24","24","141.0","157","85","25","97","50","1.47","6.21","3.22","5.20","0.0","3292"
"Jandel Gustave","Royals","0","1","0","1","5.15","0","10","10.0","10","6","1","7","6","1.60","5.97","5.03","5.22","0.0","sa550624"
"Chris Beck","White Sox","1","1","0","0","5.52","3","3","19.0","22","11","3","10","7","1.53","4.81","3.27","5.28","0.0","sa503060"
"Cody Anderson","Indians","0","1","0","0","5.72","2","2","9.0","11","6","2","6","4","1.54","5.63","3.42","5.35","-0.1","sa549278"
"Raul Fernandez","White Sox","0","1","0","1","5.79","0","10","10.0","11","6","1","8","7","1.73","6.84","6.04","5.74","-0.1","sa506313"
"Daniel Corcino","Reds","1","2","0","0","5.68","3","3","19.0","19","12","3","14","10","1.59","6.59","4.96","5.94","-0.2","9266"
