"","Name","position","R","HR","RBI","SB","AVG","adjusted_points","dollar_value","playerid","IP","ERA","WHIP","SV","W","SV.1","K"
"1","Mike Trout","outfield",109,31,93,21,0.297,18.33,62.01,NA,NA,NA,NA,NA,NA,NA,NA
"2","Miguel Cabrera","third_base",96,32,105,2,0.317,16.3,55.35,NA,NA,NA,NA,NA,NA,NA,NA
"3","Mike Trout","dh",109,31,93,21,0.297,15.73,53.48,NA,NA,NA,NA,NA,NA,NA,NA
"4","Giancarlo Stanton","outfield",95,41,104,7,0.278,15.59,53.05,NA,NA,NA,NA,NA,NA,NA,NA
"5","Jose Bautista","outfield",99,36,99,5,0.267,15.41,52.46,NA,NA,NA,NA,NA,NA,NA,NA
"6","Miguel Cabrera","first_base",96,32,105,2,0.317,13.97,47.73,NA,NA,NA,NA,NA,NA,NA,NA
"7","Miguel Cabrera","dh",96,32,105,2,0.317,13.9,47.49,NA,NA,NA,NA,NA,NA,NA,NA
"8","Andrew McCutchen","outfield",90,23,86,16,0.301,13.48,46.14,NA,NA,NA,NA,NA,NA,NA,NA
"9","Giancarlo Stanton","dh",95,41,104,7,0.278,12.99,44.52,NA,NA,NA,NA,NA,NA,NA,NA
"10","Jose Bautista","dh",99,36,99,5,0.267,12.81,43.93,NA,NA,NA,NA,NA,NA,NA,NA
"11","Yasiel Puig","outfield",87,22,74,13,0.294,12.41,42.64,NA,NA,NA,NA,NA,NA,NA,NA
"12","Troy Tulowitzki","shortstop",85,28,92,3,0.303,11.61,39.99,NA,NA,NA,NA,NA,NA,NA,NA
"13","Buster Posey","catcher",69,19,74,1,0.299,11.6,39.99,NA,NA,NA,NA,NA,NA,NA,NA
"14","Adrian Beltre","third_base",82,24,94,1,0.297,11.48,39.59,NA,NA,NA,NA,NA,NA,NA,NA
"15","Edwin Encarnacion","first_base",91,35,101,4,0.268,11.08,38.26,NA,NA,NA,NA,NA,NA,NA,NA
"16","Edwin Encarnacion","dh",91,35,101,4,0.268,11,38.03,NA,NA,NA,NA,NA,NA,NA,NA
"17","Andrew McCutchen","dh",90,23,86,16,0.301,10.88,37.62,NA,NA,NA,NA,NA,NA,NA,NA
"18","Paul Goldschmidt","first_base",89,31,92,11,0.283,10.85,37.51,NA,NA,NA,NA,NA,NA,NA,NA
"19","Anthony Rendon","third_base",85,19,71,11,0.279,10.78,37.29,NA,NA,NA,NA,NA,NA,NA,NA
"20","Paul Goldschmidt","dh",89,31,92,11,0.283,10.78,37.28,NA,NA,NA,NA,NA,NA,NA,NA
"21","Joe Mauer","catcher",73,9,62,3,0.284,10.68,36.98,NA,NA,NA,NA,NA,NA,NA,NA
"22","Josh Donaldson","third_base",83,27,88,5,0.264,10.59,36.68,NA,NA,NA,NA,NA,NA,NA,NA
"23","Carlos Santana","catcher",74,21,73,4,0.245,10.55,36.53,NA,NA,NA,NA,NA,NA,NA,NA
"24","Anthony Rendon","second_base",85,19,71,11,0.279,10.51,36.41,NA,NA,NA,NA,NA,NA,NA,NA
"25","Troy Tulowitzki","dh",85,28,92,3,0.303,10.45,36.2,NA,NA,NA,NA,NA,NA,NA,NA
"26","Adam Jones","outfield",79,27,91,7,0.274,10.37,35.94,NA,NA,NA,NA,NA,NA,NA,NA
"27","Jose Abreu","first_base",85,34,98,3,0.283,10.32,35.78,NA,NA,NA,NA,NA,NA,NA,NA
"28","Jose Abreu","dh",85,34,98,3,0.283,10.25,35.55,NA,NA,NA,NA,NA,NA,NA,NA
"29","Robinson Cano","second_base",81,18,82,6,0.295,10.23,35.49,NA,NA,NA,NA,NA,NA,NA,NA
"30","Shin-Soo Choo","outfield",86,16,62,11,0.264,10.21,35.41,NA,NA,NA,NA,NA,NA,NA,NA
"31","Ryan Braun","outfield",79,24,80,13,0.278,10.21,35.41,NA,NA,NA,NA,NA,NA,NA,NA
"32","Bryce Harper","outfield",78,25,78,10,0.278,10.1,35.07,NA,NA,NA,NA,NA,NA,NA,NA
"33","Jose Altuve","second_base",84,9,62,35,0.299,10.04,34.87,NA,NA,NA,NA,NA,NA,NA,NA
"34","Ian Kinsler","second_base",87,16,67,14,0.266,10.04,34.85,NA,NA,NA,NA,NA,NA,NA,NA
"35","Christian Yelich","outfield",85,14,57,20,0.27,10.03,34.82,NA,NA,NA,NA,NA,NA,NA,NA
"36","Yasiel Puig","dh",87,22,74,13,0.294,9.81,34.11,NA,NA,NA,NA,NA,NA,NA,NA
"37","Charlie Blackmon","outfield",82,16,64,22,0.274,9.78,34.01,NA,NA,NA,NA,NA,NA,NA,NA
"38","Kole Calhoun","outfield",82,20,68,9,0.263,9.75,33.91,NA,NA,NA,NA,NA,NA,NA,NA
"39","Hanley Ramirez","shortstop",83,20,83,13,0.291,9.74,33.89,NA,NA,NA,NA,NA,NA,NA,NA
"40","Jayson Werth","outfield",78,18,73,7,0.285,9.62,33.49,NA,NA,NA,NA,NA,NA,NA,NA
"41","Carlos Gomez","outfield",80,22,71,30,0.261,9.45,32.94,NA,NA,NA,NA,NA,NA,NA,NA
"42","Jacoby Ellsbury","outfield",81,16,64,31,0.271,9.43,32.87,NA,NA,NA,NA,NA,NA,NA,NA
"43","Jason Heyward","outfield",79,20,69,14,0.27,9.4,32.78,NA,NA,NA,NA,NA,NA,NA,NA
"44","Anthony Rizzo","first_base",85,30,89,6,0.271,9.34,32.58,NA,NA,NA,NA,NA,NA,NA,NA
"45","Steve Pearce","outfield",77,23,74,6,0.27,9.31,32.47,NA,NA,NA,NA,NA,NA,NA,NA
"46","Matt Holliday","outfield",77,20,77,4,0.277,9.28,32.37,NA,NA,NA,NA,NA,NA,NA,NA
"47","Anthony Rizzo","dh",85,30,89,6,0.271,9.27,32.35,NA,NA,NA,NA,NA,NA,NA,NA
"48","Pablo Sandoval","third_base",76,18,83,1,0.291,9.24,32.26,NA,NA,NA,NA,NA,NA,NA,NA
"49","Alex Gordon","outfield",79,18,72,9,0.27,9.18,32.04,NA,NA,NA,NA,NA,NA,NA,NA
"50","Adrian Beltre","dh",82,24,94,1,0.297,9.08,31.73,NA,NA,NA,NA,NA,NA,NA,NA
"51","Carlos Gonzalez","outfield",73,24,77,11,0.282,9.08,31.72,NA,NA,NA,NA,NA,NA,NA,NA
"52","Jose Reyes","shortstop",86,11,58,22,0.284,9.07,31.69,NA,NA,NA,NA,NA,NA,NA,NA
"53","Evan Longoria","third_base",78,25,85,3,0.256,8.93,31.24,NA,NA,NA,NA,NA,NA,NA,NA
"54","Yoenis Cespedes","outfield",75,24,86,7,0.268,8.9,31.14,NA,NA,NA,NA,NA,NA,NA,NA
"55","David Ortiz","dh",84,26,91,1,0.277,8.87,31.02,NA,NA,NA,NA,NA,NA,NA,NA
"56","Melky Cabrera","outfield",76,14,66,6,0.288,8.86,31.02,NA,NA,NA,NA,NA,NA,NA,NA
"57","Matt Carpenter","third_base",81,10,51,5,0.276,8.77,30.7,NA,NA,NA,NA,NA,NA,NA,NA
"510","Clayton Kershaw",NA,NA,NA,NA,NA,NA,10.79,30.41,"2036",201,2.46,1.02,0,15,0,225
"58","Evan Gattis","catcher",63,26,77,2,0.243,8.64,30.28,NA,NA,NA,NA,NA,NA,NA,NA
"59","Michael Brantley","outfield",75,13,72,14,0.29,8.62,30.23,NA,NA,NA,NA,NA,NA,NA,NA
"60","Hanley Ramirez","dh",83,20,83,13,0.291,8.59,30.1,NA,NA,NA,NA,NA,NA,NA,NA
"61","George Springer","outfield",78,28,79,15,0.235,8.56,30.01,NA,NA,NA,NA,NA,NA,NA,NA
"62","Brian McCann","catcher",62,24,70,1,0.251,8.55,29.98,NA,NA,NA,NA,NA,NA,NA,NA
"63","Matt Carpenter","second_base",81,10,51,5,0.276,8.5,29.81,NA,NA,NA,NA,NA,NA,NA,NA
"64","Nolan Arenado","third_base",73,20,82,3,0.282,8.42,29.58,NA,NA,NA,NA,NA,NA,NA,NA
"65","Anthony Rendon","dh",85,19,71,11,0.279,8.38,29.43,NA,NA,NA,NA,NA,NA,NA,NA
"66","Hunter Pence","outfield",75,19,75,11,0.269,8.38,29.43,NA,NA,NA,NA,NA,NA,NA,NA
"67","Freddie Freeman","first_base",81,24,83,3,0.284,8.37,29.39,NA,NA,NA,NA,NA,NA,NA,NA
"68","Freddie Freeman","dh",81,24,83,3,0.284,8.3,29.16,NA,NA,NA,NA,NA,NA,NA,NA
"69","Victor Martinez","dh",78,20,83,3,0.309,8.29,29.14,NA,NA,NA,NA,NA,NA,NA,NA
"70","Prince Fielder","first_base",81,24,86,1,0.282,8.28,29.11,NA,NA,NA,NA,NA,NA,NA,NA
"71","Denard Span","outfield",79,5,47,23,0.282,8.24,28.96,NA,NA,NA,NA,NA,NA,NA,NA
"72","Brett Gardner","outfield",81,12,58,21,0.254,8.23,28.95,NA,NA,NA,NA,NA,NA,NA,NA
"73","Prince Fielder","dh",81,24,86,1,0.282,8.21,28.87,NA,NA,NA,NA,NA,NA,NA,NA
"74","Josh Donaldson","dh",83,27,88,5,0.264,8.19,28.82,NA,NA,NA,NA,NA,NA,NA,NA
"75","Dustin Pedroia","second_base",78,10,68,10,0.283,8.15,28.69,NA,NA,NA,NA,NA,NA,NA,NA
"76","Torii Hunter","outfield",73,15,69,4,0.284,8.15,28.69,NA,NA,NA,NA,NA,NA,NA,NA
"77","Manny Machado","third_base",75,18,69,6,0.271,8.15,28.68,NA,NA,NA,NA,NA,NA,NA,NA
"78","Robinson Cano","dh",81,18,82,6,0.295,8.1,28.52,NA,NA,NA,NA,NA,NA,NA,NA
"79","Kyle Seager","third_base",75,21,78,7,0.262,8.09,28.5,NA,NA,NA,NA,NA,NA,NA,NA
"80","J.D. Martinez","outfield",71,22,80,6,0.273,8.03,28.27,NA,NA,NA,NA,NA,NA,NA,NA
"81","Jose Reyes","dh",86,11,58,22,0.284,7.91,27.9,NA,NA,NA,NA,NA,NA,NA,NA
"82","Jose Altuve","dh",84,9,62,35,0.299,7.91,27.9,NA,NA,NA,NA,NA,NA,NA,NA
"83","Ian Kinsler","dh",87,16,67,14,0.266,7.91,27.88,NA,NA,NA,NA,NA,NA,NA,NA
"84","Corey Dickerson","outfield",69,20,72,10,0.285,7.89,27.84,NA,NA,NA,NA,NA,NA,NA,NA
"85","Adam Jones","dh",79,27,91,7,0.274,7.76,27.41,NA,NA,NA,NA,NA,NA,NA,NA
"86","Shin-Soo Choo","dh",86,16,62,11,0.264,7.6,26.88,NA,NA,NA,NA,NA,NA,NA,NA
"87","Ryan Braun","dh",79,24,80,13,0.278,7.6,26.88,NA,NA,NA,NA,NA,NA,NA,NA
"88","Bryce Harper","dh",78,25,78,10,0.278,7.5,26.54,NA,NA,NA,NA,NA,NA,NA,NA
"89","Christian Yelich","dh",85,14,57,20,0.27,7.42,26.29,NA,NA,NA,NA,NA,NA,NA,NA
"90","Josh Harrison","outfield",72,12,60,19,0.28,7.42,26.29,NA,NA,NA,NA,NA,NA,NA,NA
"91","Adam Eaton","outfield",77,6,49,19,0.27,7.39,26.19,NA,NA,NA,NA,NA,NA,NA,NA
"92","Starling Marte","outfield",72,14,60,29,0.274,7.38,26.17,NA,NA,NA,NA,NA,NA,NA,NA
"93","Adrian Gonzalez","first_base",77,24,85,2,0.28,7.33,25.98,NA,NA,NA,NA,NA,NA,NA,NA
"94","Joey Votto","first_base",79,20,70,4,0.28,7.31,25.92,NA,NA,NA,NA,NA,NA,NA,NA
"95","Albert Pujols","first_base",78,26,87,4,0.269,7.29,25.85,NA,NA,NA,NA,NA,NA,NA,NA
"96","Ben Zobrist","outfield",75,12,61,9,0.262,7.28,25.84,NA,NA,NA,NA,NA,NA,NA,NA
"97","Justin Upton","outfield",71,23,74,8,0.253,7.26,25.77,NA,NA,NA,NA,NA,NA,NA,NA
"98","Adrian Gonzalez","dh",77,24,85,2,0.28,7.25,25.75,NA,NA,NA,NA,NA,NA,NA,NA
"99","Joey Votto","dh",79,20,70,4,0.28,7.24,25.69,NA,NA,NA,NA,NA,NA,NA,NA
"100","Josh Harrison","third_base",72,12,60,19,0.28,7.22,25.62,NA,NA,NA,NA,NA,NA,NA,NA
"101","Albert Pujols","dh",78,26,87,4,0.269,7.21,25.62,NA,NA,NA,NA,NA,NA,NA,NA
"102","Nelson Cruz","outfield",70,26,80,5,0.249,7.21,25.6,NA,NA,NA,NA,NA,NA,NA,NA
"103","Charlie Blackmon","dh",82,16,64,22,0.274,7.17,25.48,NA,NA,NA,NA,NA,NA,NA,NA
"104","Kole Calhoun","dh",82,20,68,9,0.263,7.14,25.38,NA,NA,NA,NA,NA,NA,NA,NA
"105","Ryan Zimmerman","third_base",69,19,71,3,0.275,7.14,25.36,NA,NA,NA,NA,NA,NA,NA,NA
"106","Coco Crisp","outfield",76,13,53,20,0.251,7.13,25.34,NA,NA,NA,NA,NA,NA,NA,NA
"107","Russell Martin","catcher",61,16,59,6,0.242,7.03,25.02,NA,NA,NA,NA,NA,NA,NA,NA
"108","Jayson Werth","dh",78,18,73,7,0.285,7.01,24.96,NA,NA,NA,NA,NA,NA,NA,NA
"109","Brian Dozier","second_base",78,16,63,16,0.24,6.95,24.74,NA,NA,NA,NA,NA,NA,NA,NA
"110","Carlos Gomez","dh",80,22,71,30,0.261,6.85,24.41,NA,NA,NA,NA,NA,NA,NA,NA
"111","Pablo Sandoval","dh",76,18,83,1,0.291,6.84,24.4,NA,NA,NA,NA,NA,NA,NA,NA
"112","Jacoby Ellsbury","dh",81,16,64,31,0.271,6.82,24.34,NA,NA,NA,NA,NA,NA,NA,NA
"511","Max Scherzer",NA,NA,NA,NA,NA,NA,8.62,24.29,"3137",195,3.02,1.1,0,14,0,226
"113","Ben Zobrist","second_base",75,12,61,9,0.262,6.81,24.28,NA,NA,NA,NA,NA,NA,NA,NA
"114","Jason Heyward","dh",79,20,69,14,0.27,6.8,24.25,NA,NA,NA,NA,NA,NA,NA,NA
"115","Steve Pearce","first_base",77,23,74,6,0.27,6.77,24.18,NA,NA,NA,NA,NA,NA,NA,NA
"116","Mark Trumbo","outfield",67,29,81,4,0.246,6.77,24.15,NA,NA,NA,NA,NA,NA,NA,NA
"117","Brandon Moss","outfield",67,28,76,2,0.248,6.74,24.07,NA,NA,NA,NA,NA,NA,NA,NA
"512","Chris Sale",NA,NA,NA,NA,NA,NA,8.52,24,"10603",192,3.02,1.09,0,14,0,220
"118","Steve Pearce","dh",77,23,74,6,0.27,6.7,23.94,NA,NA,NA,NA,NA,NA,NA,NA
"119","Austin Jackson","outfield",75,9,51,15,0.256,6.68,23.87,NA,NA,NA,NA,NA,NA,NA,NA
"120","Matt Holliday","dh",77,20,77,4,0.277,6.67,23.84,NA,NA,NA,NA,NA,NA,NA,NA
"121","Nick Markakis","outfield",71,12,54,4,0.266,6.59,23.58,NA,NA,NA,NA,NA,NA,NA,NA
"122","Desmond Jennings","outfield",75,14,55,19,0.241,6.59,23.57,NA,NA,NA,NA,NA,NA,NA,NA
"123","Jorge Soler","outfield",66,23,77,4,0.262,6.57,23.52,NA,NA,NA,NA,NA,NA,NA,NA
"124","Alex Gordon","dh",79,18,72,9,0.27,6.57,23.51,NA,NA,NA,NA,NA,NA,NA,NA
"125","Evan Longoria","dh",78,25,85,3,0.256,6.53,23.38,NA,NA,NA,NA,NA,NA,NA,NA
"513","Felix Hernandez",NA,NA,NA,NA,NA,NA,8.29,23.35,"4772",192,2.94,1.08,0,14,0,197
"126","Carlos Gonzalez","dh",73,24,77,11,0.282,6.47,23.2,NA,NA,NA,NA,NA,NA,NA,NA
"127","Eric Hosmer","first_base",76,19,77,7,0.278,6.46,23.14,NA,NA,NA,NA,NA,NA,NA,NA
"128","Justin Morneau","first_base",72,20,79,2,0.295,6.45,23.11,NA,NA,NA,NA,NA,NA,NA,NA
"129","Eric Hosmer","dh",76,19,77,7,0.278,6.39,22.9,NA,NA,NA,NA,NA,NA,NA,NA
"130","Justin Morneau","dh",72,20,79,2,0.295,6.38,22.87,NA,NA,NA,NA,NA,NA,NA,NA
"131","Matt Carpenter","dh",81,10,51,5,0.276,6.37,22.84,NA,NA,NA,NA,NA,NA,NA,NA
"514","Madison Bumgarner",NA,NA,NA,NA,NA,NA,8.08,22.76,"5524",201,2.96,1.11,0,13,0,203
"132","Yoenis Cespedes","dh",75,24,86,7,0.268,6.29,22.61,NA,NA,NA,NA,NA,NA,NA,NA
"133","Oswaldo Arcia","outfield",65,24,74,4,0.258,6.29,22.6,NA,NA,NA,NA,NA,NA,NA,NA
"134","Nori Aoki","outfield",70,6,44,18,0.279,6.27,22.51,NA,NA,NA,NA,NA,NA,NA,NA
"135","Melky Cabrera","dh",76,14,66,6,0.288,6.26,22.49,NA,NA,NA,NA,NA,NA,NA,NA
"136","Salvador Perez","catcher",52,14,58,1,0.274,6.26,22.49,NA,NA,NA,NA,NA,NA,NA,NA
"137","Dexter Fowler","outfield",74,11,55,13,0.246,6.25,22.47,NA,NA,NA,NA,NA,NA,NA,NA
"138","Marcell Ozuna","outfield",66,22,76,4,0.255,6.15,22.14,NA,NA,NA,NA,NA,NA,NA,NA
"139","David Wright","third_base",66,16,65,9,0.275,6.15,22.13,NA,NA,NA,NA,NA,NA,NA,NA
"140","Chase Headley","third_base",69,17,68,8,0.257,6.12,22.04,NA,NA,NA,NA,NA,NA,NA,NA
"141","Neil Walker","second_base",67,17,66,3,0.273,6.12,22.03,NA,NA,NA,NA,NA,NA,NA,NA
"142","Billy Hamilton","outfield",75,8,46,68,0.245,6.09,21.92,NA,NA,NA,NA,NA,NA,NA,NA
"143","Nolan Arenado","dh",73,20,82,3,0.282,6.02,21.72,NA,NA,NA,NA,NA,NA,NA,NA
"144","Travis d'Arnaud","catcher",54,17,61,2,0.251,6.02,21.72,NA,NA,NA,NA,NA,NA,NA,NA
"145","Dustin Pedroia","dh",78,10,68,10,0.283,6.02,21.71,NA,NA,NA,NA,NA,NA,NA,NA
"146","Michael Brantley","dh",75,13,72,14,0.29,6.02,21.7,NA,NA,NA,NA,NA,NA,NA,NA
"147","Matt Kemp","outfield",64,20,70,8,0.266,5.98,21.56,NA,NA,NA,NA,NA,NA,NA,NA
"148","George Springer","dh",78,28,79,15,0.235,5.95,21.48,NA,NA,NA,NA,NA,NA,NA,NA
"149","Stephen Vogt","catcher",54,12,55,2,0.261,5.9,21.3,NA,NA,NA,NA,NA,NA,NA,NA
"150","Matt Wieters","catcher",54,17,57,3,0.246,5.8,21,NA,NA,NA,NA,NA,NA,NA,NA
"151","Buster Posey","dh",69,19,74,1,0.299,5.79,20.95,NA,NA,NA,NA,NA,NA,NA,NA
"515","Stephen Strasburg",NA,NA,NA,NA,NA,NA,7.44,20.95,"10131",182,3.03,1.1,0,13,0,198
"516","Yu Darvish",NA,NA,NA,NA,NA,NA,7.44,20.95,"13074",192,3.25,1.17,0,14,0,224
"152","Hunter Pence","dh",75,19,75,11,0.269,5.77,20.9,NA,NA,NA,NA,NA,NA,NA,NA
"153","Martin Prado","third_base",67,11,63,5,0.274,5.76,20.84,NA,NA,NA,NA,NA,NA,NA,NA
"154","Manny Machado","dh",75,18,69,6,0.271,5.75,20.82,NA,NA,NA,NA,NA,NA,NA,NA
"155","Kyle Seager","dh",75,21,78,7,0.262,5.69,20.64,NA,NA,NA,NA,NA,NA,NA,NA
"156","Jason Kipnis","second_base",71,13,62,20,0.253,5.66,20.52,NA,NA,NA,NA,NA,NA,NA,NA
"157","Denard Span","dh",79,5,47,23,0.282,5.63,20.43,NA,NA,NA,NA,NA,NA,NA,NA
"158","Brett Gardner","dh",81,12,58,21,0.254,5.63,20.42,NA,NA,NA,NA,NA,NA,NA,NA
"159","Pedro Alvarez","third_base",65,26,75,6,0.242,5.61,20.38,NA,NA,NA,NA,NA,NA,NA,NA
"160","Torii Hunter","dh",73,15,69,4,0.284,5.55,20.16,NA,NA,NA,NA,NA,NA,NA,NA
"517","Zack Greinke",NA,NA,NA,NA,NA,NA,7.16,20.16,"1943",192,3.03,1.12,0,13,0,180
"518","David Price",NA,NA,NA,NA,NA,NA,7.14,20.12,"3184",192,3.24,1.11,0,14,0,179
"161","Yan Gomes","catcher",51,16,57,2,0.257,5.52,20.08,NA,NA,NA,NA,NA,NA,NA,NA
"162","Jonathan Lucroy","catcher",49,10,48,4,0.282,5.51,20.03,NA,NA,NA,NA,NA,NA,NA,NA
"519","Corey Kluber",NA,NA,NA,NA,NA,NA,7.08,19.96,"2429",192,3.21,1.13,0,13,0,196
"163","Todd Frazier","third_base",65,22,69,11,0.249,5.47,19.9,NA,NA,NA,NA,NA,NA,NA,NA
"164","Elvis Andrus","shortstop",76,4,54,28,0.269,5.45,19.86,NA,NA,NA,NA,NA,NA,NA,NA
"165","Evan Gattis","outfield",63,26,77,2,0.243,5.43,19.77,NA,NA,NA,NA,NA,NA,NA,NA
"166","J.D. Martinez","dh",71,22,80,6,0.273,5.42,19.75,NA,NA,NA,NA,NA,NA,NA,NA
"167","Daniel Murphy","second_base",67,9,56,11,0.277,5.39,19.65,NA,NA,NA,NA,NA,NA,NA,NA
"168","Michael Cuddyer","outfield",64,19,70,7,0.255,5.38,19.62,NA,NA,NA,NA,NA,NA,NA,NA
"169","Corey Dickerson","dh",69,20,72,10,0.285,5.29,19.31,NA,NA,NA,NA,NA,NA,NA,NA
"170","Jay Bruce","outfield",64,24,72,8,0.239,5.24,19.17,NA,NA,NA,NA,NA,NA,NA,NA
"171","Dustin Ackley","outfield",67,13,59,8,0.252,5.22,19.1,NA,NA,NA,NA,NA,NA,NA,NA
"172","Leonys Martin","outfield",66,10,56,27,0.264,5.19,19,NA,NA,NA,NA,NA,NA,NA,NA
"173","Aaron Hill","second_base",67,16,65,6,0.252,5.09,18.65,NA,NA,NA,NA,NA,NA,NA,NA
"174","Chris Carter","first_base",74,32,83,4,0.223,5.08,18.63,NA,NA,NA,NA,NA,NA,NA,NA
"175","Chris Davis","first_base",71,30,79,3,0.242,5.04,18.49,NA,NA,NA,NA,NA,NA,NA,NA
"176","Josh Hamilton","outfield",64,19,70,4,0.247,5.03,18.47,NA,NA,NA,NA,NA,NA,NA,NA
"177","Michael Morse","outfield",61,20,70,1,0.259,5.02,18.43,NA,NA,NA,NA,NA,NA,NA,NA
"178","Chris Carter","dh",74,32,83,4,0.223,5.01,18.4,NA,NA,NA,NA,NA,NA,NA,NA
"179","Chris Davis","dh",71,30,79,3,0.242,4.97,18.25,NA,NA,NA,NA,NA,NA,NA,NA
"180","Wilson Ramos","catcher",46,16,55,1,0.269,4.96,18.25,NA,NA,NA,NA,NA,NA,NA,NA
"181","Joe Mauer","first_base",73,9,62,3,0.284,4.94,18.17,NA,NA,NA,NA,NA,NA,NA,NA
"182","Dee Gordon","second_base",72,3,42,53,0.256,4.88,17.97,NA,NA,NA,NA,NA,NA,NA,NA
"183","Joe Mauer","dh",73,9,62,3,0.284,4.87,17.94,NA,NA,NA,NA,NA,NA,NA,NA
"520","Masahiro Tanaka",NA,NA,NA,NA,NA,NA,6.36,17.91,"15764",192,3.41,1.12,0,13,0,171
"521","Jon Lester",NA,NA,NA,NA,NA,NA,6.34,17.87,"4930",192,3.29,1.17,0,13,0,185
"184","Ian Desmond","shortstop",68,18,72,18,0.258,4.82,17.78,NA,NA,NA,NA,NA,NA,NA,NA
"185","Josh Harrison","dh",72,12,60,19,0.28,4.82,17.76,NA,NA,NA,NA,NA,NA,NA,NA
"186","Brian Dozier","dh",78,16,63,16,0.24,4.81,17.76,NA,NA,NA,NA,NA,NA,NA,NA
"187","Carlos Santana","first_base",74,21,73,4,0.245,4.8,17.72,NA,NA,NA,NA,NA,NA,NA,NA
"188","Michael Bourn","outfield",69,5,43,19,0.253,4.8,17.7,NA,NA,NA,NA,NA,NA,NA,NA
"522","Aroldis Chapman",NA,NA,NA,NA,NA,NA,6.27,17.68,"10233",65,1.42,0.87,31,4,31,114
"189","Adam Eaton","dh",77,6,49,19,0.27,4.78,17.66,NA,NA,NA,NA,NA,NA,NA,NA
"190","Starling Marte","dh",72,14,60,29,0.274,4.78,17.64,NA,NA,NA,NA,NA,NA,NA,NA
"191","Adam LaRoche","first_base",73,25,77,2,0.239,4.77,17.63,NA,NA,NA,NA,NA,NA,NA,NA
"192","Xander Bogaerts","third_base",64,15,63,5,0.256,4.77,17.61,NA,NA,NA,NA,NA,NA,NA,NA
"193","Ryan Zimmerman","dh",69,19,71,3,0.275,4.74,17.5,NA,NA,NA,NA,NA,NA,NA,NA
"194","Carlos Santana","dh",74,21,73,4,0.245,4.73,17.49,NA,NA,NA,NA,NA,NA,NA,NA
"195","Adam LaRoche","dh",73,25,77,2,0.239,4.7,17.4,NA,NA,NA,NA,NA,NA,NA,NA
"196","Chase Utley","second_base",65,14,62,7,0.258,4.69,17.35,NA,NA,NA,NA,NA,NA,NA,NA
"197","Ben Zobrist","dh",75,12,61,9,0.262,4.68,17.31,NA,NA,NA,NA,NA,NA,NA,NA
"198","Justin Upton","dh",71,23,74,8,0.253,4.66,17.25,NA,NA,NA,NA,NA,NA,NA,NA
"199","Nelson Cruz","dh",70,26,80,5,0.249,4.6,17.07,NA,NA,NA,NA,NA,NA,NA,NA
"200","Gregory Polanco","outfield",64,14,54,23,0.25,4.6,17.05,NA,NA,NA,NA,NA,NA,NA,NA
"201","Ben Revere","outfield",63,3,41,36,0.283,4.59,17.01,NA,NA,NA,NA,NA,NA,NA,NA
"523","Matt Harvey",NA,NA,NA,NA,NA,NA,6.02,16.95,"11713",173,3.13,1.13,0,11,0,185
"202","Wilin Rosario","catcher",42,16,51,2,0.279,4.54,16.85,NA,NA,NA,NA,NA,NA,NA,NA
"203","Coco Crisp","dh",76,13,53,20,0.251,4.52,16.81,NA,NA,NA,NA,NA,NA,NA,NA
"204","Alejandro De Aza","outfield",63,10,48,16,0.263,4.5,16.73,NA,NA,NA,NA,NA,NA,NA,NA
"205","Josh Reddick","outfield",62,18,66,5,0.247,4.48,16.68,NA,NA,NA,NA,NA,NA,NA,NA
"206","Avisail Garcia","outfield",59,17,65,9,0.263,4.42,16.48,NA,NA,NA,NA,NA,NA,NA,NA
"524","Craig Kimbrel",NA,NA,NA,NA,NA,NA,5.83,16.43,"6655",65,1.91,0.97,35,4,35,94
"207","Angel Pagan","outfield",62,7,44,18,0.273,4.38,16.34,NA,NA,NA,NA,NA,NA,NA,NA
"208","Marcus Semien","third_base",65,16,61,9,0.239,4.35,16.25,NA,NA,NA,NA,NA,NA,NA,NA
"209","Elvis Andrus","dh",76,4,54,28,0.269,4.3,16.07,NA,NA,NA,NA,NA,NA,NA,NA
"210","Mark Trumbo","first_base",67,29,81,4,0.246,4.23,15.85,NA,NA,NA,NA,NA,NA,NA,NA
"211","Mike Napoli","first_base",71,22,73,3,0.244,4.22,15.82,NA,NA,NA,NA,NA,NA,NA,NA
"212","Brandon Moss","first_base",67,28,76,2,0.248,4.21,15.77,NA,NA,NA,NA,NA,NA,NA,NA
"213","Jimmy Rollins","shortstop",72,13,53,20,0.237,4.2,15.75,NA,NA,NA,NA,NA,NA,NA,NA
"525","Jordan Zimmermann",NA,NA,NA,NA,NA,NA,5.57,15.7,"4505",182,3.38,1.15,0,13,0,155
"214","Devin Mesoraco","catcher",46,18,54,2,0.246,4.18,15.69,NA,NA,NA,NA,NA,NA,NA,NA
"215","Yadier Molina","catcher",43,9,47,2,0.284,4.18,15.69,NA,NA,NA,NA,NA,NA,NA,NA
"216","Brandon Belt","first_base",67,20,72,7,0.268,4.18,15.68,NA,NA,NA,NA,NA,NA,NA,NA
"526","Cole Hamels",NA,NA,NA,NA,NA,NA,5.55,15.64,"4972",192,3.48,1.17,0,11,0,186
"217","Mark Trumbo","dh",67,29,81,4,0.246,4.16,15.62,NA,NA,NA,NA,NA,NA,NA,NA
"218","Mike Napoli","dh",71,22,73,3,0.244,4.15,15.58,NA,NA,NA,NA,NA,NA,NA,NA
"219","Brandon Moss","dh",67,28,76,2,0.248,4.14,15.54,NA,NA,NA,NA,NA,NA,NA,NA
"220","Aramis Ramirez","third_base",58,17,66,2,0.266,4.13,15.53,NA,NA,NA,NA,NA,NA,NA,NA
"527","Johnny Cueto",NA,NA,NA,NA,NA,NA,5.51,15.53,"6893",182,3.28,1.16,0,11,0,174
"221","Alexei Ramirez","shortstop",67,11,63,17,0.265,4.12,15.48,NA,NA,NA,NA,NA,NA,NA,NA
"222","Brandon Belt","dh",67,20,72,7,0.268,4.11,15.45,NA,NA,NA,NA,NA,NA,NA,NA
"223","Brett Lawrie","third_base",59,16,60,6,0.263,4.1,15.44,NA,NA,NA,NA,NA,NA,NA,NA
"224","Marcus Semien","second_base",65,16,61,9,0.239,4.08,15.37,NA,NA,NA,NA,NA,NA,NA,NA
"528","James Shields",NA,NA,NA,NA,NA,NA,5.45,15.35,"7059",201,3.62,1.2,0,13,0,174
"225","Austin Jackson","dh",75,9,51,15,0.256,4.08,15.34,NA,NA,NA,NA,NA,NA,NA,NA
"226","Wil Myers","outfield",60,18,62,8,0.247,4.05,15.26,NA,NA,NA,NA,NA,NA,NA,NA
"529","Hyun-Jin Ryu",NA,NA,NA,NA,NA,NA,5.41,15.23,"14444",182,3.33,1.16,0,12,0,160
"227","Billy Butler","dh",68,15,71,1,0.274,4.02,15.17,NA,NA,NA,NA,NA,NA,NA,NA
"530","Hisashi Iwakuma",NA,NA,NA,NA,NA,NA,5.37,15.12,"13048",192,3.52,1.17,0,13,0,155
"228","Neil Walker","dh",67,17,66,3,0.273,3.99,15.06,NA,NA,NA,NA,NA,NA,NA,NA
"229","Nick Markakis","dh",71,12,54,4,0.266,3.99,15.05,NA,NA,NA,NA,NA,NA,NA,NA
"230","Desmond Jennings","dh",75,14,55,19,0.241,3.98,15.04,NA,NA,NA,NA,NA,NA,NA,NA
"231","Jorge Soler","dh",66,23,77,4,0.262,3.97,14.99,NA,NA,NA,NA,NA,NA,NA,NA
"232","Yasmani Grandal","catcher",48,13,51,2,0.241,3.83,14.54,NA,NA,NA,NA,NA,NA,NA,NA
"233","Erick Aybar","shortstop",66,8,59,15,0.271,3.83,14.53,NA,NA,NA,NA,NA,NA,NA,NA
"234","Lorenzo Cain","outfield",60,8,55,21,0.267,3.8,14.43,NA,NA,NA,NA,NA,NA,NA,NA
"235","Mike Zunino","catcher",49,19,55,3,0.219,3.76,14.32,NA,NA,NA,NA,NA,NA,NA,NA
"236","Starlin Castro","shortstop",63,12,60,8,0.274,3.76,14.31,NA,NA,NA,NA,NA,NA,NA,NA
"237","David Wright","dh",66,16,65,9,0.275,3.75,14.27,NA,NA,NA,NA,NA,NA,NA,NA
"238","Joc Pederson","outfield",62,20,64,19,0.225,3.75,14.26,NA,NA,NA,NA,NA,NA,NA,NA
"239","Chase Headley","dh",69,17,68,8,0.257,3.72,14.18,NA,NA,NA,NA,NA,NA,NA,NA
"531","Greg Holland",NA,NA,NA,NA,NA,NA,5,14.1,"7196",65,2.24,1.02,33,4,33,84
"240","Oswaldo Arcia","dh",65,24,74,4,0.258,3.69,14.07,NA,NA,NA,NA,NA,NA,NA,NA
"241","Ian Desmond","dh",68,18,72,18,0.258,3.66,13.99,NA,NA,NA,NA,NA,NA,NA,NA
"242","Nori Aoki","dh",70,6,44,18,0.279,3.66,13.98,NA,NA,NA,NA,NA,NA,NA,NA
"532","Kenley Jansen",NA,NA,NA,NA,NA,NA,4.95,13.96,"3096",65,2.04,0.96,30,4,30,87
"243","Javier Baez","second_base",63,23,58,12,0.221,3.65,13.95,NA,NA,NA,NA,NA,NA,NA,NA
"244","Dexter Fowler","dh",74,11,55,13,0.246,3.65,13.94,NA,NA,NA,NA,NA,NA,NA,NA
"245","Carlos Beltran","outfield",56,17,58,3,0.26,3.64,13.92,NA,NA,NA,NA,NA,NA,NA,NA
"246","J.J. Hardy","shortstop",64,17,65,2,0.253,3.62,13.85,NA,NA,NA,NA,NA,NA,NA,NA
"247","Maikel Franco","third_base",59,19,63,3,0.244,3.61,13.82,NA,NA,NA,NA,NA,NA,NA,NA
"248","Lucas Duda","first_base",69,24,75,3,0.234,3.58,13.7,NA,NA,NA,NA,NA,NA,NA,NA
"249","Logan Morrison","first_base",67,20,70,5,0.254,3.57,13.68,NA,NA,NA,NA,NA,NA,NA,NA
"250","Marcell Ozuna","dh",66,22,76,4,0.255,3.55,13.61,NA,NA,NA,NA,NA,NA,NA,NA
"533","Alex Cobb",NA,NA,NA,NA,NA,NA,4.82,13.58,"6562",192,3.5,1.23,0,12,0,168
"251","Carl Crawford","outfield",56,11,51,19,0.273,3.53,13.56,NA,NA,NA,NA,NA,NA,NA,NA
"252","Jason Kipnis","dh",71,13,62,20,0.253,3.53,13.55,NA,NA,NA,NA,NA,NA,NA,NA
"253","Xander Bogaerts","shortstop",64,15,63,5,0.256,3.53,13.54,NA,NA,NA,NA,NA,NA,NA,NA
"254","Lucas Duda","dh",69,24,75,3,0.234,3.5,13.47,NA,NA,NA,NA,NA,NA,NA,NA
"255","Logan Morrison","dh",67,20,70,5,0.254,3.5,13.44,NA,NA,NA,NA,NA,NA,NA,NA
"256","Billy Hamilton","dh",75,8,46,68,0.245,3.48,13.39,NA,NA,NA,NA,NA,NA,NA,NA
"257","Jason Castro","catcher",49,12,50,2,0.23,3.45,13.31,NA,NA,NA,NA,NA,NA,NA,NA
"258","Jedd Gyorko","second_base",60,19,66,4,0.24,3.38,13.07,NA,NA,NA,NA,NA,NA,NA,NA
"259","Matt Kemp","dh",64,20,70,8,0.266,3.37,13.03,NA,NA,NA,NA,NA,NA,NA,NA
"260","Martin Prado","dh",67,11,63,5,0.274,3.36,12.99,NA,NA,NA,NA,NA,NA,NA,NA
"534","Marcus Stroman",NA,NA,NA,NA,NA,NA,4.56,12.86,"13431",192,3.75,1.24,0,13,0,168
"261","Curtis Granderson","outfield",61,19,56,6,0.222,3.28,12.75,NA,NA,NA,NA,NA,NA,NA,NA
"535","Joaquin Benoit",NA,NA,NA,NA,NA,NA,4.51,12.72,"1437",65,2.57,1.07,33,4,33,77
"536","Koji Uehara",NA,NA,NA,NA,NA,NA,4.51,12.72,"9227",65,2.33,0.99,31,4,31,71
"262","Daniel Murphy","dh",67,9,56,11,0.277,3.26,12.68,NA,NA,NA,NA,NA,NA,NA,NA
"263","Luis Valbuena","third_base",61,14,58,3,0.239,3.26,12.67,NA,NA,NA,NA,NA,NA,NA,NA
"537","John Lackey",NA,NA,NA,NA,NA,NA,4.48,12.62,"1507",182,3.62,1.19,0,12,0,150
"264","Pedro Alvarez","dh",65,26,75,6,0.242,3.21,12.52,NA,NA,NA,NA,NA,NA,NA,NA
"265","Michael Saunders","outfield",58,14,54,10,0.248,3.21,12.51,NA,NA,NA,NA,NA,NA,NA,NA
"266","Danny Santana","outfield",59,7,42,18,0.261,3.21,12.49,NA,NA,NA,NA,NA,NA,NA,NA
"267","Jon Jay","outfield",56,6,47,8,0.278,3.19,12.43,NA,NA,NA,NA,NA,NA,NA,NA
"538","Adam Wainwright",NA,NA,NA,NA,NA,NA,4.4,12.39,"2233",173,3.42,1.17,0,11,0,143
"539","Mark Melancon",NA,NA,NA,NA,NA,NA,4.39,12.36,"4264",65,2.61,1.09,35,4,35,61
"268","Nick Castellanos","third_base",56,13,59,4,0.264,3.16,12.34,NA,NA,NA,NA,NA,NA,NA,NA
"269","A.J. Pollock","outfield",57,10,51,16,0.262,3.15,12.33,NA,NA,NA,NA,NA,NA,NA,NA
"540","Cliff Lee",NA,NA,NA,NA,NA,NA,4.37,12.32,"1636",173,3.53,1.14,0,10,0,149
"270","Drew Stubbs","outfield",56,13,50,17,0.259,3.14,12.3,NA,NA,NA,NA,NA,NA,NA,NA
"271","Mike Moustakas","third_base",57,17,61,3,0.248,3.13,12.23,NA,NA,NA,NA,NA,NA,NA,NA
"272","Shane Victorino","outfield",56,10,48,11,0.266,3.11,12.19,NA,NA,NA,NA,NA,NA,NA,NA
"541","Mike Fiers",NA,NA,NA,NA,NA,NA,4.31,12.16,"7754",173,3.65,1.2,0,11,0,169
"273","David Freese","third_base",57,12,57,3,0.26,3.09,12.11,NA,NA,NA,NA,NA,NA,NA,NA
"542","David Robertson",NA,NA,NA,NA,NA,NA,4.28,12.05,"8241",65,2.83,1.11,33,4,33,79
"543","Ian Kennedy",NA,NA,NA,NA,NA,NA,4.28,12.05,"6986",192,3.78,1.25,0,11,0,186
"274","Todd Frazier","dh",65,22,69,11,0.249,3.07,12.04,NA,NA,NA,NA,NA,NA,NA,NA
"544","Phil Hughes",NA,NA,NA,NA,NA,NA,4.27,12.02,"7450",192,3.91,1.2,0,12,0,159
"545","Lance Lynn",NA,NA,NA,NA,NA,NA,4.27,12.02,"2520",192,3.72,1.26,0,12,0,173
"546","Sean Doolittle",NA,NA,NA,NA,NA,NA,4.25,11.98,"1581",65,2.2,1,28,4,28,77
"275","Jimmy Rollins","dh",72,13,53,20,0.237,3.04,11.96,NA,NA,NA,NA,NA,NA,NA,NA
"276","Scooter Gennett","second_base",57,10,52,8,0.27,3.03,11.92,NA,NA,NA,NA,NA,NA,NA,NA
"277","Trevor Plouffe","third_base",57,16,60,2,0.248,3.01,11.86,NA,NA,NA,NA,NA,NA,NA,NA
"547","Jeff Samardzija",NA,NA,NA,NA,NA,NA,4.21,11.85,"3254",192,3.94,1.24,0,12,0,178
"278","Alexei Ramirez","dh",67,11,63,17,0.265,2.96,11.69,NA,NA,NA,NA,NA,NA,NA,NA
"279","Aaron Hill","dh",67,16,65,6,0.252,2.96,11.68,NA,NA,NA,NA,NA,NA,NA,NA
"280","Adam Lind","first_base",61,19,68,1,0.272,2.94,11.63,NA,NA,NA,NA,NA,NA,NA,NA
"548","Scott Kazmir",NA,NA,NA,NA,NA,NA,4.11,11.57,"4897",182,3.71,1.23,0,12,0,157
"549","Brandon McCarthy",NA,NA,NA,NA,NA,NA,4.08,11.48,"4662",163,3.45,1.15,0,11,0,131
"281","Adam Lind","dh",61,19,68,1,0.272,2.87,11.4,NA,NA,NA,NA,NA,NA,NA,NA
"282","Alex Rios","outfield",55,10,58,17,0.265,2.85,11.34,NA,NA,NA,NA,NA,NA,NA,NA
"550","Trevor Rosenthal",NA,NA,NA,NA,NA,NA,4,11.27,"10745",65,2.77,1.15,32,4,32,77
"283","Evan Gattis","dh",63,26,77,2,0.243,2.82,11.24,NA,NA,NA,NA,NA,NA,NA,NA
"551","Glen Perkins",NA,NA,NA,NA,NA,NA,3.98,11.22,"8041",65,2.87,1.12,33,4,33,67
"284","Mookie Betts","outfield",52,8,41,16,0.284,2.81,11.2,NA,NA,NA,NA,NA,NA,NA,NA
"285","Michael Cuddyer","dh",64,19,70,7,0.255,2.78,11.09,NA,NA,NA,NA,NA,NA,NA,NA
"286","Marlon Byrd","outfield",55,17,63,3,0.245,2.77,11.06,NA,NA,NA,NA,NA,NA,NA,NA
"287","Dee Gordon","dh",72,3,42,53,0.256,2.75,10.99,NA,NA,NA,NA,NA,NA,NA,NA
"552","Francisco Liriano",NA,NA,NA,NA,NA,NA,3.9,10.99,"3201",173,3.59,1.27,0,11,0,175
"288","Brian McCann","dh",62,24,70,1,0.251,2.73,10.94,NA,NA,NA,NA,NA,NA,NA,NA
"289","Arismendy Alcantara","outfield",58,14,55,19,0.237,2.73,10.93,NA,NA,NA,NA,NA,NA,NA,NA
"553","Carlos Carrasco",NA,NA,NA,NA,NA,NA,3.88,10.92,"6632",163,3.58,1.21,0,11,0,155
"290","Howie Kendrick","second_base",55,9,58,8,0.275,2.7,10.85,NA,NA,NA,NA,NA,NA,NA,NA
"291","Steven Souza","outfield",55,16,55,19,0.246,2.7,10.83,NA,NA,NA,NA,NA,NA,NA,NA
"292","Javier Baez","shortstop",63,23,58,12,0.221,2.68,10.77,NA,NA,NA,NA,NA,NA,NA,NA
"293","Erick Aybar","dh",66,8,59,15,0.271,2.67,10.74,NA,NA,NA,NA,NA,NA,NA,NA
"294","Miguel Montero","catcher",43,9,43,2,0.249,2.65,10.67,NA,NA,NA,NA,NA,NA,NA,NA
"554","Cody Allen",NA,NA,NA,NA,NA,NA,3.78,10.65,"12183",65,2.91,1.15,31,4,31,77
"555","Steve Cishek",NA,NA,NA,NA,NA,NA,3.78,10.65,"6483",65,2.93,1.15,34,3,34,69
"295","Jay Bruce","dh",64,24,72,8,0.239,2.64,10.64,NA,NA,NA,NA,NA,NA,NA,NA
"296","Robinson Chirinos","catcher",44,12,46,2,0.236,2.63,10.62,NA,NA,NA,NA,NA,NA,NA,NA
"556","Jose Fernandez",NA,NA,NA,NA,NA,NA,3.76,10.6,"11530",125,2.93,1.12,0,9,0,144
"297","Jed Lowrie","shortstop",61,12,58,1,0.258,2.62,10.59,NA,NA,NA,NA,NA,NA,NA,NA
"298","Dustin Ackley","dh",67,13,59,8,0.252,2.62,10.57,NA,NA,NA,NA,NA,NA,NA,NA
"557","Jake McGee",NA,NA,NA,NA,NA,NA,3.75,10.56,"7550",65,2.28,1.03,25,4,25,80
"299","Starlin Castro","dh",63,12,60,8,0.274,2.6,10.52,NA,NA,NA,NA,NA,NA,NA,NA
"558","Homer Bailey",NA,NA,NA,NA,NA,NA,3.73,10.52,"8362",173,3.67,1.2,0,10,0,154
"300","Leonys Martin","dh",66,10,56,27,0.264,2.59,10.47,NA,NA,NA,NA,NA,NA,NA,NA
"301","Carlos Ruiz","catcher",41,8,41,4,0.26,2.58,10.46,NA,NA,NA,NA,NA,NA,NA,NA
"302","Chase Utley","dh",65,14,62,7,0.258,2.56,10.38,NA,NA,NA,NA,NA,NA,NA,NA
"559","Alex Wood",NA,NA,NA,NA,NA,NA,3.68,10.38,"13781",173,3.6,1.24,0,10,0,164
"560","Brett Cecil",NA,NA,NA,NA,NA,NA,3.63,10.23,"2660",65,2.98,1.16,31,4,31,73
"303","J.J. Hardy","dh",64,17,65,2,0.253,2.46,10.06,NA,NA,NA,NA,NA,NA,NA,NA
"304","Matt Dominguez","third_base",57,18,63,1,0.23,2.45,10.02,NA,NA,NA,NA,NA,NA,NA,NA
"305","Jhonny Peralta","shortstop",59,15,64,3,0.256,2.44,9.99,NA,NA,NA,NA,NA,NA,NA,NA
"306","Josh Hamilton","dh",64,19,70,4,0.247,2.43,9.94,NA,NA,NA,NA,NA,NA,NA,NA
"307","Michael Morse","dh",61,20,70,1,0.259,2.41,9.9,NA,NA,NA,NA,NA,NA,NA,NA
"308","Chris Coghlan","outfield",57,8,44,10,0.25,2.4,9.87,NA,NA,NA,NA,NA,NA,NA,NA
"561","Julio Teheran",NA,NA,NA,NA,NA,NA,3.48,9.81,"6797",182,3.79,1.23,0,10,0,157
"562","Jake Peavy",NA,NA,NA,NA,NA,NA,3.48,9.8,"1051",173,3.67,1.23,0,11,0,142
"309","Xander Bogaerts","dh",64,15,63,5,0.256,2.37,9.75,NA,NA,NA,NA,NA,NA,NA,NA
"310","Matt Joyce","outfield",56,13,53,5,0.241,2.36,9.71,NA,NA,NA,NA,NA,NA,NA,NA
"563","Jake Arrieta",NA,NA,NA,NA,NA,NA,3.43,9.66,"4153",163,3.6,1.24,0,10,0,159
"311","Mookie Betts","second_base",52,8,41,16,0.284,2.33,9.64,NA,NA,NA,NA,NA,NA,NA,NA
"312","Chris Iannetta","catcher",46,10,40,3,0.224,2.31,9.58,NA,NA,NA,NA,NA,NA,NA,NA
"313","Arismendy Alcantara","second_base",58,14,55,19,0.237,2.25,9.37,NA,NA,NA,NA,NA,NA,NA,NA
"564","Michael Pineda",NA,NA,NA,NA,NA,NA,3.32,9.37,"5372",173,3.91,1.21,0,11,0,143
"565","CC Sabathia",NA,NA,NA,NA,NA,NA,3.32,9.35,"404",192,3.94,1.25,0,11,0,151
"566","Sonny Gray",NA,NA,NA,NA,NA,NA,3.31,9.33,"12768",192,3.82,1.31,0,12,0,158
"567","Anibal Sanchez",NA,NA,NA,NA,NA,NA,3.31,9.33,"3284",163,3.8,1.21,0,11,0,142
"568","Danny Salazar",NA,NA,NA,NA,NA,NA,3.3,9.31,"5867",153,3.62,1.23,0,10,0,158
"569","Doug Fister",NA,NA,NA,NA,NA,NA,3.29,9.26,"9425",182,3.78,1.24,0,12,0,126
"570","Jonathan Papelbon",NA,NA,NA,NA,NA,NA,3.26,9.18,"5975",65,3.43,1.17,34,3,34,60
"314","Michael Bourn","dh",69,5,43,19,0.253,2.19,9.17,NA,NA,NA,NA,NA,NA,NA,NA
"571","Drew Hutchison",NA,NA,NA,NA,NA,NA,3.25,9.15,"10732",173,4.07,1.27,0,12,0,165
"315","Omar Infante","second_base",54,7,49,7,0.273,2.17,9.11,NA,NA,NA,NA,NA,NA,NA,NA
"572","Collin McHugh",NA,NA,NA,NA,NA,NA,3.22,9.08,"7531",192,4.11,1.27,0,11,0,170
"573","Gio Gonzalez",NA,NA,NA,NA,NA,NA,3.22,9.08,"7448",163,3.72,1.27,0,11,0,157
"316","Derek Norris","catcher",42,12,42,3,0.235,2.16,9.06,NA,NA,NA,NA,NA,NA,NA,NA
"574","Matt Shoemaker",NA,NA,NA,NA,NA,NA,3.2,9.01,"4776",189,4.06,1.25,0,12,0,144
"317","Kolten Wong","second_base",55,11,51,17,0.257,2.14,9,NA,NA,NA,NA,NA,NA,NA,NA
"575","Huston Street",NA,NA,NA,NA,NA,NA,3.17,8.93,"8258",65,3.52,1.2,35,3,35,56
"576","Gerrit Cole",NA,NA,NA,NA,NA,NA,3.17,8.92,"13125",163,3.63,1.24,0,10,0,148
"577","Justin Verlander",NA,NA,NA,NA,NA,NA,3.15,8.87,"8700",192,4.04,1.28,0,12,0,153
"578","Hector Rondon",NA,NA,NA,NA,NA,NA,3.13,8.81,"2391",65,3.03,1.15,30,3,30,67
"318","Seth Smith","outfield",54,11,50,2,0.249,2.05,8.7,NA,NA,NA,NA,NA,NA,NA,NA
"579","Fernando Rodney",NA,NA,NA,NA,NA,NA,3.09,8.69,"494",65,3.12,1.18,29,4,29,67
"319","David Lough","outfield",54,9,50,14,0.254,2.04,8.68,NA,NA,NA,NA,NA,NA,NA,NA
"580","Jose Quintana",NA,NA,NA,NA,NA,NA,3.07,8.66,"11423",182,3.95,1.27,0,11,0,155
"581","Addison Reed",NA,NA,NA,NA,NA,NA,3.07,8.65,"10586",65,3.25,1.16,31,3,31,65
"582","Tony Cingrani",NA,NA,NA,NA,NA,NA,3.06,8.63,"12555",163,3.72,1.29,0,10,0,170
"583","Matt Cain",NA,NA,NA,NA,NA,NA,3.06,8.63,"4732",173,3.75,1.24,0,10,0,144
"320","James Loney","first_base",61,11,63,3,0.271,1.99,8.53,NA,NA,NA,NA,NA,NA,NA,NA
"321","Gregory Polanco","dh",64,14,54,23,0.25,1.99,8.52,NA,NA,NA,NA,NA,NA,NA,NA
"322","Ben Revere","dh",63,3,41,36,0.283,1.98,8.48,NA,NA,NA,NA,NA,NA,NA,NA
"584","Drew Storen",NA,NA,NA,NA,NA,NA,3,8.44,"6983",65,3.36,1.2,33,3,33,57
"585","Zach Britton",NA,NA,NA,NA,NA,NA,2.99,8.44,"3240",65,3.22,1.26,34,3,34,56
"586","Garrett Richards",NA,NA,NA,NA,NA,NA,2.99,8.43,"9784",153,3.64,1.25,0,11,0,139
"323","Marcus Semien","dh",65,16,61,9,0.239,1.95,8.39,NA,NA,NA,NA,NA,NA,NA,NA
"587","Rick Porcello",NA,NA,NA,NA,NA,NA,2.98,8.39,"2717",192,3.98,1.29,0,13,0,132
"324","Alex Avila","catcher",43,10,40,2,0.23,1.93,8.31,NA,NA,NA,NA,NA,NA,NA,NA
"325","James Loney","dh",61,11,63,3,0.271,1.92,8.3,NA,NA,NA,NA,NA,NA,NA,NA
"326","Brandon Phillips","second_base",53,12,55,4,0.259,1.91,8.24,NA,NA,NA,NA,NA,NA,NA,NA
"327","Matt Adams","first_base",57,19,69,3,0.268,1.9,8.22,NA,NA,NA,NA,NA,NA,NA,NA
"328","Alejandro De Aza","dh",63,10,48,16,0.263,1.89,8.2,NA,NA,NA,NA,NA,NA,NA,NA
"329","Josh Reddick","dh",62,18,66,5,0.247,1.88,8.15,NA,NA,NA,NA,NA,NA,NA,NA
"588","Tyson Ross",NA,NA,NA,NA,NA,NA,2.89,8.14,"7872",163,3.69,1.28,0,10,0,155
"589","Jered Weaver",NA,NA,NA,NA,NA,NA,2.87,8.09,"4235",192,4.15,1.28,0,12,0,148
"330","Josmil Pinto","catcher",39,10,39,2,0.248,1.85,8.05,NA,NA,NA,NA,NA,NA,NA,NA
"331","Matt Adams","dh",57,19,69,3,0.268,1.83,7.98,NA,NA,NA,NA,NA,NA,NA,NA
"332","Jon Singleton","first_base",66,22,67,4,0.214,1.82,7.97,NA,NA,NA,NA,NA,NA,NA,NA
"590","Dallas Keuchel",NA,NA,NA,NA,NA,NA,2.83,7.96,"9434",192,3.85,1.32,0,12,0,141
"333","Avisail Garcia","dh",59,17,65,9,0.263,1.82,7.95,NA,NA,NA,NA,NA,NA,NA,NA
"334","Kennys Vargas","dh",60,20,69,1,0.25,1.8,7.9,NA,NA,NA,NA,NA,NA,NA,NA
"335","Angel Pagan","dh",62,7,44,18,0.273,1.78,7.82,NA,NA,NA,NA,NA,NA,NA,NA
"336","David DeJesus","outfield",56,9,44,6,0.238,1.77,7.8,NA,NA,NA,NA,NA,NA,NA,NA
"591","Wei-Yin Chen",NA,NA,NA,NA,NA,NA,2.76,7.79,"13071",173,3.92,1.24,0,11,0,129
"337","Danny Santana","shortstop",59,7,42,18,0.261,1.76,7.75,NA,NA,NA,NA,NA,NA,NA,NA
"592","Chris Archer",NA,NA,NA,NA,NA,NA,2.75,7.75,"6345",182,3.97,1.31,0,11,0,159
"338","Jon Singleton","dh",66,22,67,4,0.214,1.75,7.73,NA,NA,NA,NA,NA,NA,NA,NA
"339","Aramis Ramirez","dh",58,17,66,2,0.266,1.73,7.67,NA,NA,NA,NA,NA,NA,NA,NA
"340","Alcides Escobar","shortstop",60,5,50,23,0.26,1.7,7.58,NA,NA,NA,NA,NA,NA,NA,NA
"341","Kurt Suzuki","catcher",39,6,38,1,0.255,1.7,7.58,NA,NA,NA,NA,NA,NA,NA,NA
"342","Brett Lawrie","dh",59,16,60,6,0.263,1.7,7.58,NA,NA,NA,NA,NA,NA,NA,NA
"343","Kendrys Morales","dh",59,16,66,1,0.263,1.7,7.58,NA,NA,NA,NA,NA,NA,NA,NA
"344","Colby Rasmus","outfield",52,18,56,3,0.233,1.7,7.57,NA,NA,NA,NA,NA,NA,NA,NA
"593","Dellin Betances",NA,NA,NA,NA,NA,NA,2.69,7.57,"6216",65,2.73,1.13,21,4,21,84
"345","Mark Teixeira","first_base",63,23,69,2,0.223,1.68,7.5,NA,NA,NA,NA,NA,NA,NA,NA
"346","Mark Teixeira","dh",63,23,69,2,0.223,1.61,7.26,NA,NA,NA,NA,NA,NA,NA,NA
"347","Joe Panik","second_base",56,5,47,5,0.255,1.59,7.21,NA,NA,NA,NA,NA,NA,NA,NA
"594","Derek Holland",NA,NA,NA,NA,NA,NA,2.55,7.19,"4141",192,4.19,1.32,0,12,0,155
"595","Neftali Feliz",NA,NA,NA,NA,NA,NA,2.53,7.12,"18",65,3.8,1.31,34,3,34,57
"596","Jacob deGrom",NA,NA,NA,NA,NA,NA,2.52,7.11,"10954",163,3.93,1.26,0,10,0,145
"348","DJ LeMahieu","second_base",51,5,47,14,0.279,1.56,7.1,NA,NA,NA,NA,NA,NA,NA,NA
"349","David Peralta","outfield",48,10,49,6,0.27,1.55,7.09,NA,NA,NA,NA,NA,NA,NA,NA
"597","Yordano Ventura",NA,NA,NA,NA,NA,NA,2.51,7.07,"11855",173,3.86,1.3,0,10,0,151
"350","Javier Baez","dh",63,23,58,12,0.221,1.52,6.98,NA,NA,NA,NA,NA,NA,NA,NA
"351","Juan Lagares","outfield",53,8,49,12,0.249,1.49,6.88,NA,NA,NA,NA,NA,NA,NA,NA
"352","Jed Lowrie","dh",61,12,58,1,0.258,1.47,6.8,NA,NA,NA,NA,NA,NA,NA,NA
"353","Khris Davis","outfield",48,18,54,4,0.247,1.45,6.74,NA,NA,NA,NA,NA,NA,NA,NA
"354","Wil Myers","dh",60,18,62,8,0.247,1.45,6.73,NA,NA,NA,NA,NA,NA,NA,NA
"598","Jake Odorizzi",NA,NA,NA,NA,NA,NA,2.39,6.73,"6397",173,4.01,1.3,0,10,0,156
"599","Francisco Rodriguez",NA,NA,NA,NA,NA,NA,2.39,6.73,"1642",65,3.41,1.2,28,3,28,63
"355","B.J. Upton","outfield",56,15,51,17,0.215,1.44,6.72,NA,NA,NA,NA,NA,NA,NA,NA
"356","Josh Rutledge","second_base",56,9,50,9,0.241,1.43,6.68,NA,NA,NA,NA,NA,NA,NA,NA
"600","Andrew Cashner",NA,NA,NA,NA,NA,NA,2.37,6.68,"8782",173,3.96,1.27,0,10,0,138
"601","Dan Haren",NA,NA,NA,NA,NA,NA,2.34,6.58,"1757",163,3.93,1.23,0,10,0,123
"357","Jarrod Saltalamacchia","catcher",41,13,45,2,0.22,1.39,6.56,NA,NA,NA,NA,NA,NA,NA,NA
"602","R.A. Dickey",NA,NA,NA,NA,NA,NA,2.31,6.51,"1245",192,4.24,1.32,0,12,0,147
"358","Gregor Blanco","outfield",54,5,43,17,0.249,1.37,6.49,NA,NA,NA,NA,NA,NA,NA,NA
"603","Michael Wacha",NA,NA,NA,NA,NA,NA,2.3,6.49,"14078",144,3.66,1.23,0,9,0,130
"359","Kevin Kiermaier","outfield",52,9,48,13,0.248,1.34,6.4,NA,NA,NA,NA,NA,NA,NA,NA
"360","Conor Gillaspie","third_base",51,11,52,2,0.252,1.32,6.33,NA,NA,NA,NA,NA,NA,NA,NA
"604","Jason Hammel",NA,NA,NA,NA,NA,NA,2.24,6.3,"4538",153,3.85,1.24,0,9,0,136
"361","Emilio Bonifacio","outfield",55,4,39,29,0.245,1.3,6.25,NA,NA,NA,NA,NA,NA,NA,NA
"362","Jhonny Peralta","dh",59,15,64,3,0.256,1.28,6.2,NA,NA,NA,NA,NA,NA,NA,NA
"363","Maikel Franco","first_base",59,19,63,3,0.244,1.28,6.19,NA,NA,NA,NA,NA,NA,NA,NA
"364","Everth Cabrera","shortstop",60,5,38,30,0.25,1.27,6.15,NA,NA,NA,NA,NA,NA,NA,NA
"365","Jedd Gyorko","dh",60,19,66,4,0.24,1.25,6.1,NA,NA,NA,NA,NA,NA,NA,NA
"366","Russell Martin","dh",61,16,59,6,0.242,1.22,5.98,NA,NA,NA,NA,NA,NA,NA,NA
"367","Maikel Franco","dh",59,19,63,3,0.244,1.21,5.96,NA,NA,NA,NA,NA,NA,NA,NA
"368","Casey McGehee","third_base",52,8,54,3,0.252,1.2,5.93,NA,NA,NA,NA,NA,NA,NA,NA
"369","Lorenzo Cain","dh",60,8,55,21,0.267,1.19,5.9,NA,NA,NA,NA,NA,NA,NA,NA
"370","Wilmer Flores","third_base",49,15,56,2,0.248,1.17,5.82,NA,NA,NA,NA,NA,NA,NA,NA
"605","Jason Vargas",NA,NA,NA,NA,NA,NA,2.05,5.79,"8044",182,4.11,1.28,0,11,0,121
"371","Ender Inciarte","outfield",52,5,35,19,0.254,1.16,5.78,NA,NA,NA,NA,NA,NA,NA,NA
"372","Chris Young","outfield",52,15,51,10,0.228,1.15,5.75,NA,NA,NA,NA,NA,NA,NA,NA
"373","Joc Pederson","dh",62,20,64,19,0.225,1.14,5.73,NA,NA,NA,NA,NA,NA,NA,NA
"606","Tim Hudson",NA,NA,NA,NA,NA,NA,2.02,5.68,"921",182,3.92,1.28,0,10,0,117
"607","Mike Minor",NA,NA,NA,NA,NA,NA,1.99,5.61,"10021",173,4.07,1.28,0,9,0,144
"608","C.J. Wilson",NA,NA,NA,NA,NA,NA,1.98,5.59,"3580",192,4.25,1.38,0,12,0,161
"374","Jordy Mercer","shortstop",55,11,56,5,0.255,1.08,5.53,NA,NA,NA,NA,NA,NA,NA,NA
"609","Joe Nathan",NA,NA,NA,NA,NA,NA,1.96,5.52,"1122",65,3.65,1.26,28,3,28,58
"375","Christian Vazquez","catcher",38,5,34,3,0.248,1.07,5.5,NA,NA,NA,NA,NA,NA,NA,NA
"610","J.A. Happ",NA,NA,NA,NA,NA,NA,1.94,5.47,"7410",163,4.01,1.3,0,10,0,138
"376","Ike Davis","first_base",60,17,59,3,0.239,1.05,5.45,NA,NA,NA,NA,NA,NA,NA,NA
"611","Tim Lincecum",NA,NA,NA,NA,NA,NA,1.92,5.42,"5705",169,4.01,1.3,0,9,0,147
"377","Andrelton Simmons","shortstop",55,11,53,7,0.254,1.04,5.39,NA,NA,NA,NA,NA,NA,NA,NA
"378","Carlos Beltran","dh",56,17,58,3,0.26,1.03,5.39,NA,NA,NA,NA,NA,NA,NA,NA
"612","A.J. Burnett",NA,NA,NA,NA,NA,NA,1.9,5.35,"512",173,4.04,1.33,0,10,0,147
"613","Matt Garza",NA,NA,NA,NA,NA,NA,1.89,5.33,"3340",182,4.26,1.31,0,10,0,151
"379","Alberto Callaspo","third_base",51,9,51,3,0.25,1.01,5.31,NA,NA,NA,NA,NA,NA,NA,NA
"614","Zack Wheeler",NA,NA,NA,NA,NA,NA,1.88,5.31,"10310",153,3.9,1.31,0,9,0,149
"380","Rene Rivera","catcher",39,9,41,1,0.231,0.99,5.24,NA,NA,NA,NA,NA,NA,NA,NA
"381","Yonder Alonso","first_base",56,14,60,7,0.265,0.99,5.23,NA,NA,NA,NA,NA,NA,NA,NA
"382","Ike Davis","dh",60,17,59,3,0.239,0.98,5.21,NA,NA,NA,NA,NA,NA,NA,NA
"615","Mat Latos",NA,NA,NA,NA,NA,NA,1.84,5.19,"3815",182,4.12,1.3,0,10,0,133
"616","Bartolo Colon",NA,NA,NA,NA,NA,NA,1.82,5.13,"375",173,4.16,1.23,0,9,0,120
"383","Kevin Pillar","outfield",47,8,47,14,0.266,0.94,5.06,NA,NA,NA,NA,NA,NA,NA,NA
"384","Carl Crawford","dh",56,11,51,19,0.273,0.93,5.04,NA,NA,NA,NA,NA,NA,NA,NA
"617","Mike Leake",NA,NA,NA,NA,NA,NA,1.79,5.04,"10130",163,3.89,1.26,0,9,0,118
"385","Yonder Alonso","dh",56,14,60,7,0.265,0.92,5,NA,NA,NA,NA,NA,NA,NA,NA
"618","Chris Tillman",NA,NA,NA,NA,NA,NA,1.76,4.96,"5279",192,4.34,1.33,0,11,0,145
"386","Scooter Gennett","dh",57,10,52,8,0.27,0.9,4.95,NA,NA,NA,NA,NA,NA,NA,NA
"387","Rajai Davis","outfield",48,6,38,28,0.265,0.88,4.89,NA,NA,NA,NA,NA,NA,NA,NA
"388","Jose Iglesias","third_base",51,5,45,12,0.257,0.87,4.83,NA,NA,NA,NA,NA,NA,NA,NA
"389","Luis Valbuena","dh",61,14,58,3,0.239,0.86,4.81,NA,NA,NA,NA,NA,NA,NA,NA
"619","Wade Miley",NA,NA,NA,NA,NA,NA,1.69,4.77,"8779",173,4.21,1.35,0,12,0,133
"620","Jeremy Hellickson",NA,NA,NA,NA,NA,NA,1.69,4.77,"4371",173,4.15,1.28,0,9,0,135
"621","Ervin Santana",NA,NA,NA,NA,NA,NA,1.68,4.74,"3200",192,4.4,1.34,0,11,0,151
"622","Jonathan Broxton",NA,NA,NA,NA,NA,NA,1.68,4.72,"4759",65,3.69,1.26,26,3,26,59
"390","Emilio Bonifacio","second_base",55,4,39,29,0.245,0.82,4.7,NA,NA,NA,NA,NA,NA,NA,NA
"623","Yovani Gallardo",NA,NA,NA,NA,NA,NA,1.63,4.58,"8173",182,4.26,1.33,0,10,0,147
"624","Santiago Casilla",NA,NA,NA,NA,NA,NA,1.63,4.58,"2873",65,3.32,1.24,24,3,24,57
"625","Clay Buchholz",NA,NA,NA,NA,NA,NA,1.62,4.55,"3543",173,4.2,1.33,0,11,0,132
"626","Matt Moore",NA,NA,NA,NA,NA,NA,1.6,4.51,"1890",163,4.04,1.35,0,10,0,144
"391","Nick Castellanos","dh",56,13,59,4,0.264,0.76,4.48,NA,NA,NA,NA,NA,NA,NA,NA
"627","Shelby Miller",NA,NA,NA,NA,NA,NA,1.59,4.48,"10197",173,4.15,1.33,0,9,0,152
"628","Tanner Roark",NA,NA,NA,NA,NA,NA,1.58,4.44,"8753",163,4.09,1.28,0,10,0,117
"392","Alberto Callaspo","second_base",51,9,51,3,0.25,0.74,4.42,NA,NA,NA,NA,NA,NA,NA,NA
"393","Mike Moustakas","dh",57,17,61,3,0.248,0.73,4.38,NA,NA,NA,NA,NA,NA,NA,NA
"629","Jon Niese",NA,NA,NA,NA,NA,NA,1.54,4.35,"4424",173,4.09,1.31,0,10,0,124
"630","Drew Smyly",NA,NA,NA,NA,NA,NA,1.54,4.35,"11760",125,3.54,1.23,0,8,0,113
"394","David Freese","dh",57,12,57,3,0.26,0.69,4.25,NA,NA,NA,NA,NA,NA,NA,NA
"631","Kevin Gausman",NA,NA,NA,NA,NA,NA,1.51,4.25,"14107",163,4.19,1.31,0,10,0,133
"395","Curtis Granderson","dh",61,19,56,6,0.222,0.68,4.22,NA,NA,NA,NA,NA,NA,NA,NA
"632","LaTroy Hawkins",NA,NA,NA,NA,NA,NA,1.47,4.13,"729",65,3.96,1.29,28,3,28,47
"396","Trevor Plouffe","dh",57,16,60,2,0.248,0.61,4.01,NA,NA,NA,NA,NA,NA,NA,NA
"397","Michael Saunders","dh",58,14,54,10,0.248,0.6,3.98,NA,NA,NA,NA,NA,NA,NA,NA
"633","Luke Gregerson",NA,NA,NA,NA,NA,NA,1.41,3.97,"4090",65,3.7,1.23,24,3,24,55
"398","Danny Santana","dh",59,7,42,18,0.261,0.6,3.96,NA,NA,NA,NA,NA,NA,NA,NA
"634","Carlos Martinez",NA,NA,NA,NA,NA,NA,1.41,3.96,"11682",145,3.82,1.31,0,9,0,124
"635","Vance Worley",NA,NA,NA,NA,NA,NA,1.4,3.95,"6435",163,4.07,1.29,0,10,0,111
"636","Roenis Elias",NA,NA,NA,NA,NA,NA,1.4,3.93,"12673",153,4.04,1.33,0,10,0,129
"399","Jonathan Schoop","second_base",52,15,53,5,0.226,0.58,3.91,NA,NA,NA,NA,NA,NA,NA,NA
"400","Jon Jay","dh",56,6,47,8,0.278,0.58,3.91,NA,NA,NA,NA,NA,NA,NA,NA
"637","Henderson Alvarez",NA,NA,NA,NA,NA,NA,1.38,3.89,"5669",163,3.88,1.3,0,10,0,101
"401","Howie Kendrick","dh",55,9,58,8,0.275,0.57,3.87,NA,NA,NA,NA,NA,NA,NA,NA
"402","A.J. Pollock","dh",57,10,51,16,0.262,0.55,3.8,NA,NA,NA,NA,NA,NA,NA,NA
"403","Alcides Escobar","dh",60,5,50,23,0.26,0.55,3.79,NA,NA,NA,NA,NA,NA,NA,NA
"404","Drew Stubbs","dh",56,13,50,17,0.259,0.54,3.77,NA,NA,NA,NA,NA,NA,NA,NA
"638","Drew Pomeranz",NA,NA,NA,NA,NA,NA,1.33,3.76,"11426",163,4.13,1.36,0,10,0,141
"639","Andrew Miller",NA,NA,NA,NA,NA,NA,1.33,3.74,"6785",65,2.39,1.03,7,4,7,88
"640","James Paxton",NA,NA,NA,NA,NA,NA,1.32,3.72,"11828",173,4.14,1.37,0,10,0,143
"405","Shane Victorino","dh",56,10,48,11,0.266,0.51,3.66,NA,NA,NA,NA,NA,NA,NA,NA
"641","Josh Collmenter",NA,NA,NA,NA,NA,NA,1.26,3.56,"7312",188,4.38,1.32,0,10,0,132
"642","Brad Boxberger",NA,NA,NA,NA,NA,NA,1.26,3.55,"10133",65,2.51,1.09,9,4,9,84
"643","Jenrry Mejia",NA,NA,NA,NA,NA,NA,1.24,3.51,"8476",65,3.37,1.22,20,3,20,64
"406","Josh Rutledge","shortstop",56,9,50,9,0.241,0.46,3.49,NA,NA,NA,NA,NA,NA,NA,NA
"407","Salvador Perez","dh",52,14,58,1,0.274,0.44,3.45,NA,NA,NA,NA,NA,NA,NA,NA
"644","Wily Peralta",NA,NA,NA,NA,NA,NA,1.18,3.33,"7738",173,4.24,1.36,0,10,0,139
"408","Lonnie Chisenhall","third_base",44,12,47,2,0.262,0.36,3.17,NA,NA,NA,NA,NA,NA,NA,NA
"645","Mark Buehrle",NA,NA,NA,NA,NA,NA,1.12,3.16,"225",189,4.45,1.34,0,12,0,115
"409","Asdrubal Cabrera","shortstop",54,11,51,7,0.243,0.34,3.1,NA,NA,NA,NA,NA,NA,NA,NA
"646","Vidal Nuno",NA,NA,NA,NA,NA,NA,1.05,2.96,"9674",144,4.01,1.27,0,8,0,116
"410","Danny Espinosa","second_base",53,13,54,9,0.219,0.27,2.87,NA,NA,NA,NA,NA,NA,NA,NA
"411","Alex Rios","dh",55,10,58,17,0.265,0.25,2.81,NA,NA,NA,NA,NA,NA,NA,NA
"412","Christian Bethancourt","catcher",34,9,41,6,0.238,0.21,2.7,NA,NA,NA,NA,NA,NA,NA,NA
"413","Travis d'Arnaud","dh",54,17,61,2,0.251,0.21,2.68,NA,NA,NA,NA,NA,NA,NA,NA
"414","Mookie Betts","dh",52,8,41,16,0.284,0.2,2.67,NA,NA,NA,NA,NA,NA,NA,NA
"415","Sam Fuld","outfield",52,5,42,18,0.232,0.19,2.63,NA,NA,NA,NA,NA,NA,NA,NA
"416","Jean Segura","shortstop",51,8,46,21,0.262,0.18,2.59,NA,NA,NA,NA,NA,NA,NA,NA
"647","Jorge de la Rosa",NA,NA,NA,NA,NA,NA,0.9,2.55,"2047",192,4.48,1.4,0,11,0,148
"417","Marlon Byrd","dh",55,17,63,3,0.245,0.16,2.53,NA,NA,NA,NA,NA,NA,NA,NA
"418","Stephen Vogt","first_base",54,12,55,2,0.261,0.15,2.5,NA,NA,NA,NA,NA,NA,NA,NA
"419","Arismendy Alcantara","dh",58,14,55,19,0.237,0.12,2.4,NA,NA,NA,NA,NA,NA,NA,NA
"420","Everth Cabrera","dh",60,5,38,30,0.25,0.11,2.36,NA,NA,NA,NA,NA,NA,NA,NA
"421","Steven Souza","dh",55,16,55,19,0.246,0.09,2.3,NA,NA,NA,NA,NA,NA,NA,NA
"422","Stephen Vogt","dh",54,12,55,2,0.261,0.08,2.26,NA,NA,NA,NA,NA,NA,NA,NA
"648","Danny Duffy",NA,NA,NA,NA,NA,NA,0.8,2.25,"3542",144,3.97,1.35,0,9,0,118
"649","Nathan Eovaldi",NA,NA,NA,NA,NA,NA,0.79,2.22,"9132",173,4.43,1.33,0,10,0,120
"423","Matt Dominguez","dh",57,18,63,1,0.23,0.05,2.16,NA,NA,NA,NA,NA,NA,NA,NA
"424","Jacob Lamb","third_base",45,12,49,3,0.25,0.05,2.16,NA,NA,NA,NA,NA,NA,NA,NA
"425","Omar Infante","dh",54,7,49,7,0.273,0.04,2.14,NA,NA,NA,NA,NA,NA,NA,NA
"426","Kolten Wong","dh",55,11,51,17,0.257,0.01,2.03,NA,NA,NA,NA,NA,NA,NA,NA
"427","Matt Wieters","dh",54,17,57,3,0.246,-0.01,1.96,NA,NA,NA,NA,NA,NA,NA,NA
"428","Grady Sizemore","outfield",47,10,45,7,0.239,-0.02,1.93,NA,NA,NA,NA,NA,NA,NA,NA
"650","Justin Masterson",NA,NA,NA,NA,NA,NA,0.68,1.91,"2038",173,4.25,1.43,0,11,0,133
"651","Hector Santiago",NA,NA,NA,NA,NA,NA,0.65,1.83,"4026",145,4.07,1.36,0,9,0,120
"652","Yusmeiro Petit",NA,NA,NA,NA,NA,NA,0.64,1.79,"4020",88,3.05,1.09,0,5,0,86
"429","Wilmer Flores","shortstop",49,15,56,2,0.248,-0.08,1.75,NA,NA,NA,NA,NA,NA,NA,NA
"430","Jordy Mercer","dh",55,11,56,5,0.255,-0.08,1.74,NA,NA,NA,NA,NA,NA,NA,NA
"653","Ricky Nolasco",NA,NA,NA,NA,NA,NA,0.62,1.74,"3830",173,4.56,1.33,0,10,0,121
"431","Andrelton Simmons","dh",55,11,53,7,0.254,-0.12,1.6,NA,NA,NA,NA,NA,NA,NA,NA
"654","Bud Norris",NA,NA,NA,NA,NA,NA,0.49,1.38,"9492",125,4.04,1.29,0,8,0,106
"432","Chris Coghlan","dh",57,8,44,10,0.25,-0.2,1.34,NA,NA,NA,NA,NA,NA,NA,NA
"655","Trevor Bauer",NA,NA,NA,NA,NA,NA,0.46,1.31,"12703",182,4.63,1.43,0,10,0,164
"433","Dioner Navarro","catcher",28,7,30,1,0.263,-0.22,1.29,NA,NA,NA,NA,NA,NA,NA,NA
"434","Brandon Phillips","dh",53,12,55,4,0.259,-0.22,1.27,NA,NA,NA,NA,NA,NA,NA,NA
"435","Matt Joyce","dh",56,13,53,5,0.241,-0.25,1.18,NA,NA,NA,NA,NA,NA,NA,NA
"656","Brandon Morrow",NA,NA,NA,NA,NA,NA,0.41,1.16,"9346",125,4.01,1.29,0,7,0,113
"436","Ryan Doumit","catcher",32,9,35,2,0.237,-0.26,1.14,NA,NA,NA,NA,NA,NA,NA,NA
"657","Ryan Vogelsong",NA,NA,NA,NA,NA,NA,0.4,1.12,"1011",163,4.44,1.35,0,9,0,124
"658","Jeremy Guthrie",NA,NA,NA,NA,NA,NA,0.39,1.11,"2072",192,4.5,1.35,0,10,0,112
"437","Domonic Brown","outfield",41,13,46,5,0.255,-0.28,1.08,NA,NA,NA,NA,NA,NA,NA,NA
"438","Yan Gomes","dh",51,16,57,2,0.257,-0.29,1.04,NA,NA,NA,NA,NA,NA,NA,NA
"439","Jonathan Lucroy","dh",49,10,48,4,0.282,-0.31,0.99,NA,NA,NA,NA,NA,NA,NA,NA
"659","Bobby Parnell",NA,NA,NA,NA,NA,NA,0.34,0.95,"9926",65,3.24,1.19,13,3,13,59
"660","Wade Davis",NA,NA,NA,NA,NA,NA,0.3,0.84,"7441",65,2.47,1.08,3,4,3,75
"440","Juan Uribe","third_base",43,11,50,2,0.253,-0.37,0.8,NA,NA,NA,NA,NA,NA,NA,NA
"441","Jose Iglesias","shortstop",51,5,45,12,0.257,-0.38,0.76,NA,NA,NA,NA,NA,NA,NA,NA
"661","Kyle Hendricks",NA,NA,NA,NA,NA,NA,0.24,0.68,"12049",134,4.14,1.29,0,8,0,95
"662","Travis Wood",NA,NA,NA,NA,NA,NA,0.23,0.65,"9884",153,4.35,1.37,0,9,0,119
"663","Chase Anderson",NA,NA,NA,NA,NA,NA,0.22,0.62,"6895",125,4.06,1.29,0,7,0,106
"442","Joe Panik","dh",56,5,47,5,0.255,-0.54,0.24,NA,NA,NA,NA,NA,NA,NA,NA
"664","Jim Henderson",NA,NA,NA,NA,NA,NA,0.08,0.24,"6653",65,3.25,1.18,9,3,9,73
"443","Seth Smith","dh",54,11,50,2,0.249,-0.56,0.17,NA,NA,NA,NA,NA,NA,NA,NA
"444","David Lough","dh",54,9,50,14,0.254,-0.56,0.15,NA,NA,NA,NA,NA,NA,NA,NA
"445","DJ LeMahieu","dh",51,5,47,14,0.279,-0.57,0.13,NA,NA,NA,NA,NA,NA,NA,NA
"665","Kris Medlen",NA,NA,NA,NA,NA,NA,0.05,0.13,"9417",112,3.85,1.24,0,7,0,79
"446","Brayan Pena","catcher",30,5,32,3,0.25,-0.58,0.11,NA,NA,NA,NA,NA,NA,NA,NA
"666","Jesse Hahn",NA,NA,NA,NA,NA,NA,0.02,0.05,"13287",144,4.33,1.38,0,9,0,112
"447","Alex Rodriguez","third_base",45,12,45,5,0.235,-0.61,0.01,NA,NA,NA,NA,NA,NA,NA,NA
"667","Randall Delgado",NA,NA,NA,NA,NA,NA,0,0,"5985",103,3.8,1.27,1,6,1,94
"668","Kyle Lohse",NA,NA,NA,NA,NA,NA,-0.01,-0.02,"739",144,4.45,1.3,0,8,0,101
"669","Trevor Cahill",NA,NA,NA,NA,NA,NA,-0.03,-0.09,"6249",153,4.27,1.4,0,8,0,125
"670","Joakim Soria",NA,NA,NA,NA,NA,NA,-0.04,-0.12,"6941",65,3.23,1.17,8,4,8,59
"448","Josh Rutledge","dh",56,9,50,9,0.241,-0.7,-0.29,NA,NA,NA,NA,NA,NA,NA,NA
"449","Brandon Crawford","shortstop",52,9,53,5,0.234,-0.72,-0.35,NA,NA,NA,NA,NA,NA,NA,NA
"671","Anthony DeSclafani",NA,NA,NA,NA,NA,NA,-0.14,-0.38,"13050",144,4.47,1.31,0,7,0,112
"672","Tsuyoshi Wada",NA,NA,NA,NA,NA,NA,-0.15,-0.42,"13046",93,3.54,1.22,1,5,1,83
"450","Justin Smoak","first_base",52,16,54,1,0.24,-0.75,-0.46,NA,NA,NA,NA,NA,NA,NA,NA
"451","Dalton Pompey","outfield",46,7,42,21,0.235,-0.75,-0.46,NA,NA,NA,NA,NA,NA,NA,NA
"673","Colby Lewis",NA,NA,NA,NA,NA,NA,-0.17,-0.47,"1259",153,4.67,1.35,0,9,0,112
"674","Odrisamer Despaigne",NA,NA,NA,NA,NA,NA,-0.17,-0.48,"16017",144,4.34,1.37,0,8,0,112
"675","Will Smith",NA,NA,NA,NA,NA,NA,-0.18,-0.51,"8048",74,3.14,1.18,2,4,2,83
"676","Jason Grilli",NA,NA,NA,NA,NA,NA,-0.18,-0.52,"521",65,2.67,1.11,3,3,3,74
"677","Tyler Clippard",NA,NA,NA,NA,NA,NA,-0.19,-0.52,"5640",65,3.08,1.19,6,4,6,65
"678","Ken Giles",NA,NA,NA,NA,NA,NA,-0.23,-0.64,"12910",65,2.81,1.16,3,3,3,84
"452","Asdrubal Cabrera","dh",54,11,51,7,0.243,-0.82,-0.69,NA,NA,NA,NA,NA,NA,NA,NA
"453","Justin Smoak","dh",52,16,54,1,0.24,-0.82,-0.69,NA,NA,NA,NA,NA,NA,NA,NA
"454","J.P. Arencibia","catcher",33,13,40,1,0.209,-0.82,-0.69,NA,NA,NA,NA,NA,NA,NA,NA
"455","David DeJesus","dh",56,9,44,6,0.238,-0.83,-0.72,NA,NA,NA,NA,NA,NA,NA,NA
"456","Wilson Ramos","dh",46,16,55,1,0.269,-0.85,-0.79,NA,NA,NA,NA,NA,NA,NA,NA
"457","Francisco Cervelli","catcher",30,4,29,3,0.246,-0.87,-0.84,NA,NA,NA,NA,NA,NA,NA,NA
"458","Colby Rasmus","dh",52,18,56,3,0.233,-0.9,-0.95,NA,NA,NA,NA,NA,NA,NA,NA
"679","Hunter Strickland",NA,NA,NA,NA,NA,NA,-0.37,-1.06,"7836",55,2.48,1.06,4,3,4,61
"680","Ivan Nova",NA,NA,NA,NA,NA,NA,-0.39,-1.1,"1994",115,4.16,1.3,0,7,0,88
"681","Edinson Volquez",NA,NA,NA,NA,NA,NA,-0.42,-1.19,"3990",163,4.57,1.41,0,9,0,117
"459","Jean Segura","dh",51,8,46,21,0.262,-0.98,-1.2,NA,NA,NA,NA,NA,NA,NA,NA
"682","Brandon Maurer",NA,NA,NA,NA,NA,NA,-0.46,-1.28,"4878",84,3.67,1.25,4,4,4,78
"460","Nick Swisher","first_base",53,14,50,1,0.234,-1.02,-1.35,NA,NA,NA,NA,NA,NA,NA,NA
"461","David Peralta","dh",48,10,49,6,0.27,-1.05,-1.44,NA,NA,NA,NA,NA,NA,NA,NA
"462","Brad Miller","shortstop",47,10,42,7,0.248,-1.07,-1.52,NA,NA,NA,NA,NA,NA,NA,NA
"463","Conor Gillaspie","dh",51,11,52,2,0.252,-1.08,-1.53,NA,NA,NA,NA,NA,NA,NA,NA
"464","Tyler Flowers","catcher",33,11,35,2,0.208,-1.09,-1.57,NA,NA,NA,NA,NA,NA,NA,NA
"465","Nick Swisher","dh",53,14,50,1,0.234,-1.09,-1.58,NA,NA,NA,NA,NA,NA,NA,NA
"466","Juan Lagares","dh",53,8,49,12,0.249,-1.11,-1.65,NA,NA,NA,NA,NA,NA,NA,NA
"683","Chad Billingsley",NA,NA,NA,NA,NA,NA,-0.6,-1.68,"5842",125,4.32,1.34,0,7,0,95
"684","Junichi Tazawa",NA,NA,NA,NA,NA,NA,-0.63,-1.78,"4079",65,3.08,1.15,2,4,2,64
"467","Khris Davis","dh",48,18,54,4,0.247,-1.16,-1.79,NA,NA,NA,NA,NA,NA,NA,NA
"468","B.J. Upton","dh",56,15,51,17,0.215,-1.16,-1.81,NA,NA,NA,NA,NA,NA,NA,NA
"685","Darren O'Day",NA,NA,NA,NA,NA,NA,-0.64,-1.81,"3321",65,3.12,1.14,2,4,2,63
"686","Scott Feldman",NA,NA,NA,NA,NA,NA,-0.66,-1.87,"6283",189,4.94,1.4,0,10,0,119
"687","Brett Anderson",NA,NA,NA,NA,NA,NA,-0.67,-1.88,"8223",96,3.72,1.3,0,6,0,76
"688","Mike Dunn",NA,NA,NA,NA,NA,NA,-0.67,-1.89,"9948",65,2.96,1.19,3,3,3,71
"469","Casey McGehee","dh",52,8,54,3,0.252,-1.2,-1.92,NA,NA,NA,NA,NA,NA,NA,NA
"470","Wilmer Flores","dh",49,15,56,2,0.248,-1.23,-2.04,NA,NA,NA,NA,NA,NA,NA,NA
"471","Gregor Blanco","dh",54,5,43,17,0.249,-1.24,-2.04,NA,NA,NA,NA,NA,NA,NA,NA
"689","Marco Gonzales",NA,NA,NA,NA,NA,NA,-0.73,-2.06,"15467",93,3.61,1.28,0,5,0,78
"690","Pedro Strop",NA,NA,NA,NA,NA,NA,-0.74,-2.07,"4070",65,3.02,1.2,3,3,3,71
"472","Jose Ramirez","shortstop",48,5,40,20,0.252,-1.25,-2.08,NA,NA,NA,NA,NA,NA,NA,NA
"691","Brett Oberholtzer",NA,NA,NA,NA,NA,NA,-0.75,-2.12,"3855",153,4.73,1.36,0,8,0,103
"473","Kevin Kiermaier","dh",52,9,48,13,0.248,-1.26,-2.13,NA,NA,NA,NA,NA,NA,NA,NA
"692","Miguel Gonzalez",NA,NA,NA,NA,NA,NA,-0.76,-2.13,"7024",134,4.56,1.36,0,8,0,93
"474","Wilin Rosario","dh",42,16,51,2,0.279,-1.28,-2.19,NA,NA,NA,NA,NA,NA,NA,NA
"475","Daniel Nava","outfield",38,6,33,3,0.265,-1.28,-2.2,NA,NA,NA,NA,NA,NA,NA,NA
"476","Emilio Bonifacio","dh",55,4,39,29,0.245,-1.31,-2.28,NA,NA,NA,NA,NA,NA,NA,NA
"693","Jimmy Nelson",NA,NA,NA,NA,NA,NA,-0.81,-2.28,"10547",111,4.24,1.35,0,6,0,99
"694","Carlos Villanueva",NA,NA,NA,NA,NA,NA,-0.82,-2.31,"4138",65,3.49,1.19,6,3,6,57
"477","Zack Cozart","shortstop",48,9,48,4,0.24,-1.32,-2.33,NA,NA,NA,NA,NA,NA,NA,NA
"695","Aaron Harang",NA,NA,NA,NA,NA,NA,-0.84,-2.35,"1451",163,4.73,1.39,0,7,0,124
"478","Freddy Galvis","third_base",44,11,48,5,0.226,-1.33,-2.36,NA,NA,NA,NA,NA,NA,NA,NA
"696","Joel Peralta",NA,NA,NA,NA,NA,NA,-0.84,-2.36,"2332",55,2.94,1.12,4,3,4,57
"479","Eric Sogard","second_base",44,4,37,13,0.25,-1.34,-2.39,NA,NA,NA,NA,NA,NA,NA,NA
"697","Ubaldo Jimenez",NA,NA,NA,NA,NA,NA,-0.89,-2.51,"3374",112,4.23,1.37,0,6,0,100
"480","Alberto Callaspo","dh",51,9,51,3,0.25,-1.39,-2.55,NA,NA,NA,NA,NA,NA,NA,NA
"698","Kyle Gibson",NA,NA,NA,NA,NA,NA,-0.93,-2.61,"10123",153,4.54,1.43,0,9,0,97
"699","Antonio Bastardo",NA,NA,NA,NA,NA,NA,-0.93,-2.61,"8844",65,3.15,1.23,3,3,3,70
"700","Shawn Kelley",NA,NA,NA,NA,NA,NA,-0.93,-2.61,"7773",55,2.77,1.13,2,3,2,64
"481","Ichiro Suzuki","outfield",38,4,34,12,0.267,-1.42,-2.66,NA,NA,NA,NA,NA,NA,NA,NA
"701","Juan Nicasio",NA,NA,NA,NA,NA,NA,-0.97,-2.72,"7731",83,3.79,1.26,1,5,1,68
"702","David Phelps",NA,NA,NA,NA,NA,NA,-0.97,-2.74,"6316",92,3.8,1.31,0,5,0,81
"482","Ender Inciarte","dh",52,5,35,19,0.254,-1.45,-2.75,NA,NA,NA,NA,NA,NA,NA,NA
"483","Chris Young","dh",52,15,51,10,0.228,-1.46,-2.78,NA,NA,NA,NA,NA,NA,NA,NA
"703","Jean Machi",NA,NA,NA,NA,NA,NA,-1.01,-2.86,"3220",65,3.2,1.2,4,3,4,55
"704","Pat Neshek",NA,NA,NA,NA,NA,NA,-1.05,-2.95,"4682",65,3.5,1.19,4,3,4,60
"705","Gavin Floyd",NA,NA,NA,NA,NA,NA,-1.05,-2.97,"3886",105,4.26,1.32,0,6,0,81
"706","Jeff Locke",NA,NA,NA,NA,NA,NA,-1.06,-2.98,"2929",115,4.2,1.39,0,7,0,83
"707","Casey Fien",NA,NA,NA,NA,NA,NA,-1.07,-3.01,"3926",65,3.31,1.18,3,3,3,59
"484","Jose Iglesias","dh",51,5,45,12,0.257,-1.54,-3.03,NA,NA,NA,NA,NA,NA,NA,NA
"708","Shane Greene",NA,NA,NA,NA,NA,NA,-1.08,-3.04,"10756",134,4.63,1.41,0,8,0,98
"485","Jonathan Schoop","dh",52,15,53,5,0.226,-1.55,-3.07,NA,NA,NA,NA,NA,NA,NA,NA
"486","Mitch Moreland","first_base",48,15,51,2,0.244,-1.55,-3.09,NA,NA,NA,NA,NA,NA,NA,NA
"487","Michael Choice","outfield",39,10,38,3,0.243,-1.58,-3.17,NA,NA,NA,NA,NA,NA,NA,NA
"709","Josh Johnson",NA,NA,NA,NA,NA,NA,-1.13,-3.18,"4567",86,3.97,1.28,0,5,0,76
"488","Freddy Galvis","second_base",44,11,48,5,0.226,-1.6,-3.25,NA,NA,NA,NA,NA,NA,NA,NA
"710","Jordan Walden",NA,NA,NA,NA,NA,NA,-1.17,-3.31,"3271",55,2.97,1.17,2,3,2,62
"711","Jake Diekman",NA,NA,NA,NA,NA,NA,-1.17,-3.31,"5003",55,3.05,1.2,2,3,2,68
"489","Rickie Weeks","second_base",42,10,38,6,0.238,-1.62,-3.32,NA,NA,NA,NA,NA,NA,NA,NA
"490","Andy Dirks","outfield",37,8,35,5,0.257,-1.63,-3.32,NA,NA,NA,NA,NA,NA,NA,NA
"491","Mitch Moreland","dh",48,15,51,2,0.244,-1.63,-3.32,NA,NA,NA,NA,NA,NA,NA,NA
"712","John Holdzkom",NA,NA,NA,NA,NA,NA,-1.18,-3.33,"9392",55,2.81,1.15,1,3,1,62
"492","Devin Mesoraco","dh",46,18,54,2,0.246,-1.63,-3.35,NA,NA,NA,NA,NA,NA,NA,NA
"493","Yadier Molina","dh",43,9,47,2,0.284,-1.63,-3.35,NA,NA,NA,NA,NA,NA,NA,NA
"713","Jesse Chavez",NA,NA,NA,NA,NA,NA,-1.2,-3.39,"5448",78,3.81,1.26,0,5,0,67
"714","Joe Kelly",NA,NA,NA,NA,NA,NA,-1.21,-3.4,"9761",144,4.65,1.45,0,9,0,96
"494","Kevin Pillar","dh",47,8,47,14,0.266,-1.67,-3.46,NA,NA,NA,NA,NA,NA,NA,NA
"715","Tony Watson",NA,NA,NA,NA,NA,NA,-1.23,-3.46,"3132",55,2.81,1.11,1,3,1,54
"716","Jerome Williams",NA,NA,NA,NA,NA,NA,-1.24,-3.5,"1137",144,4.63,1.39,0,7,0,96
"717","Brad Peacock",NA,NA,NA,NA,NA,NA,-1.25,-3.52,"5401",153,4.91,1.46,0,8,0,129
"718","Randy Choate",NA,NA,NA,NA,NA,NA,-1.26,-3.55,"813",65,3.27,1.25,4,3,4,53
"495","Geovany Soto","catcher",28,9,32,2,0.224,-1.7,-3.57,NA,NA,NA,NA,NA,NA,NA,NA
"719","J.P. Howell",NA,NA,NA,NA,NA,NA,-1.28,-3.6,"8245",65,3.36,1.27,4,3,4,58
"720","Craig Stammen",NA,NA,NA,NA,NA,NA,-1.28,-3.6,"7274",65,3.46,1.23,4,3,4,54
"721","Roberto Hernandez",NA,NA,NA,NA,NA,NA,-1.28,-3.6,"3273",153,4.68,1.42,0,8,0,97
"722","Charlie Furbush",NA,NA,NA,NA,NA,NA,-1.29,-3.63,"1370",55,2.97,1.14,1,3,1,59
"496","Rajai Davis","dh",48,6,38,28,0.265,-1.72,-3.64,NA,NA,NA,NA,NA,NA,NA,NA
"723","Oliver Perez",NA,NA,NA,NA,NA,NA,-1.31,-3.68,"1514",55,3.09,1.19,2,3,2,61
"724","Aaron Loup",NA,NA,NA,NA,NA,NA,-1.31,-3.7,"10343",65,3.36,1.26,2,4,2,56
"497","Adeiny Hechavarria","shortstop",47,4,48,9,0.248,-1.75,-3.74,NA,NA,NA,NA,NA,NA,NA,NA
"725","Luke Hochevar",NA,NA,NA,NA,NA,NA,-1.33,-3.75,"6943",55,3.08,1.13,2,3,2,51
"726","Zach Duke",NA,NA,NA,NA,NA,NA,-1.33,-3.75,"3840",65,3.45,1.23,3,3,3,58
"727","Danny Farquhar",NA,NA,NA,NA,NA,NA,-1.34,-3.77,"8501",55,2.97,1.15,1,3,1,58
"728","Jeurys Familia",NA,NA,NA,NA,NA,NA,-1.34,-3.77,"5114",55,3.56,1.28,6,3,6,55
"729","Matt Thornton",NA,NA,NA,NA,NA,NA,-1.36,-3.83,"1918",55,2.96,1.16,2,3,2,51
"730","Kevin Jepsen",NA,NA,NA,NA,NA,NA,-1.36,-3.84,"6475",55,3.01,1.16,1,3,1,59
"731","Kelvin Herrera",NA,NA,NA,NA,NA,NA,-1.4,-3.94,"6033",55,2.91,1.16,1,3,1,55
"732","Franklin Morales",NA,NA,NA,NA,NA,NA,-1.4,-3.94,"5088",144,4.7,1.45,0,8,0,102
"733","Joe Smith",NA,NA,NA,NA,NA,NA,-1.4,-3.94,"3281",65,3.27,1.22,2,3,2,55
"734","Jason Motte",NA,NA,NA,NA,NA,NA,-1.43,-4.03,"5861",55,3.56,1.22,5,3,5,49
"498","Danny Espinosa","dh",53,13,54,9,0.219,-1.86,-4.1,NA,NA,NA,NA,NA,NA,NA,NA
"735","T.J. House",NA,NA,NA,NA,NA,NA,-1.46,-4.12,"9121",96,4.11,1.36,0,6,0,67
"736","Jerry Blevins",NA,NA,NA,NA,NA,NA,-1.47,-4.13,"7841",55,3.12,1.2,2,3,2,55
"499","Brandon Crawford","dh",52,9,53,5,0.234,-1.87,-4.14,NA,NA,NA,NA,NA,NA,NA,NA
"737","Blake Treinen",NA,NA,NA,NA,NA,NA,-1.49,-4.19,"12572",83,3.86,1.3,0,5,0,60
"738","Tony Sipp",NA,NA,NA,NA,NA,NA,-1.5,-4.23,"8280",55,3.15,1.2,1,3,1,61
"500","Yasmani Grandal","first_base",48,13,51,2,0.241,-1.91,-4.26,NA,NA,NA,NA,NA,NA,NA,NA
"739","Tommy Hunter",NA,NA,NA,NA,NA,NA,-1.52,-4.29,"1157",55,3.26,1.14,2,3,2,47
"740","Daniel Norris",NA,NA,NA,NA,NA,NA,-1.53,-4.31,"13475",78,4.03,1.36,0,5,0,78
"741","Josh Tomlin",NA,NA,NA,NA,NA,NA,-1.53,-4.32,"9388",68,3.73,1.19,0,4,0,55
"742","Manny Parra",NA,NA,NA,NA,NA,NA,-1.54,-4.34,"4279",55,3.26,1.21,2,3,2,56
"743","Tyler Lyons",NA,NA,NA,NA,NA,NA,-1.56,-4.38,"11334",63,3.48,1.2,0,4,0,53
"744","Adam Ottavino",NA,NA,NA,NA,NA,NA,-1.58,-4.44,"1247",55,3.38,1.21,2,3,2,57
"745","Brad Ziegler",NA,NA,NA,NA,NA,NA,-1.58,-4.44,"7293",65,3.29,1.3,4,3,4,46
"501","Justin Ruggiano","outfield",38,10,37,7,0.239,-1.97,-4.46,NA,NA,NA,NA,NA,NA,NA,NA
"502","Yasmani Grandal","dh",48,13,51,2,0.241,-1.98,-4.49,NA,NA,NA,NA,NA,NA,NA,NA
"746","Sam LeCure",NA,NA,NA,NA,NA,NA,-1.61,-4.53,"4664",65,3.89,1.3,5,3,5,54
"747","Ryan Cook",NA,NA,NA,NA,NA,NA,-1.62,-4.56,"8855",55,3.28,1.22,2,3,2,54
"748","Tom Wilhelmsen",NA,NA,NA,NA,NA,NA,-1.63,-4.59,"9975",65,3.64,1.27,2,3,2,62
"503","Anthony Gose","outfield",41,5,34,20,0.236,-2.02,-4.61,NA,NA,NA,NA,NA,NA,NA,NA
"504","John Jaso","catcher",24,4,20,2,0.249,-2.04,-4.67,NA,NA,NA,NA,NA,NA,NA,NA
"505","Lonnie Chisenhall","dh",44,12,47,2,0.262,-2.04,-4.69,NA,NA,NA,NA,NA,NA,NA,NA
"749","Jordan Lyles",NA,NA,NA,NA,NA,NA,-1.66,-4.69,"7593",115,4.6,1.42,0,7,0,81
"750","Aaron Sanchez",NA,NA,NA,NA,NA,NA,-1.67,-4.69,"11490",150,4.83,1.53,1,8,1,122
"506","Mike Zunino","dh",49,19,55,3,0.219,-2.05,-4.72,NA,NA,NA,NA,NA,NA,NA,NA
"507","Cody Asche","third_base",35,11,39,3,0.254,-2.06,-4.73,NA,NA,NA,NA,NA,NA,NA,NA
"751","Bryan Shaw",NA,NA,NA,NA,NA,NA,-1.68,-4.73,"8110",65,3.86,1.29,4,3,4,55
"752","Shawn Tolleson",NA,NA,NA,NA,NA,NA,-1.7,-4.78,"10481",65,3.8,1.3,3,3,3,61
"753","Al Alburquerque",NA,NA,NA,NA,NA,NA,-1.7,-4.79,"6324",55,3.49,1.25,2,3,2,59
"508","Justin Turner","third_base",36,5,34,4,0.264,-2.08,-4.81,NA,NA,NA,NA,NA,NA,NA,NA
"754","Kevin Correia",NA,NA,NA,NA,NA,NA,-1.71,-4.81,"1767",153,4.9,1.41,0,8,0,86
"509","Jake Marisnick","outfield",39,9,39,13,0.234,-2.09,-4.83,NA,NA,NA,NA,NA,NA,NA,NA
"755","Dominic Leone",NA,NA,NA,NA,NA,NA,-1.72,-4.84,"13763",40,3.22,1.22,7,2,7,40
"756","Boone Logan",NA,NA,NA,NA,NA,NA,-1.72,-4.85,"5525",55,3.49,1.25,2,3,2,58
"757","J.J. Hoover",NA,NA,NA,NA,NA,NA,-1.73,-4.86,"9037",55,3.32,1.23,1,3,1,58
"758","Alfredo Simon",NA,NA,NA,NA,NA,NA,-1.76,-4.96,"2155",144,4.9,1.42,0,8,0,85
