"","X","Name","position","AB","R","HR","RBI","SB","AVG","adjusted_points","dollar_value","playerid","IP","ERA","WHIP","SV","W","K"
"1",11,"Mike Trout","outfield",572,109,31,93,21,0.297,18.33,62.01,NA,NA,NA,NA,NA,NA,NA
"2",202,"Miguel Cabrera","third_base",566,96,32,105,2,0.317,16.3,55.35,NA,NA,NA,NA,NA,NA,NA
"3",482,"Giancarlo Stanton","outfield",544,95,41,104,7,0.278,15.59,53.05,NA,NA,NA,NA,NA,NA,NA
"4",222,"Jose Bautista","outfield",544,99,36,99,5,0.267,15.41,52.46,NA,NA,NA,NA,NA,NA,NA
"5",852,"Andrew McCutchen","outfield",556,90,23,86,16,0.301,13.48,46.14,NA,NA,NA,NA,NA,NA,NA
"6",160,"Yasiel Puig","outfield",541,87,22,74,13,0.294,12.41,42.64,NA,NA,NA,NA,NA,NA,NA
"7",359,"Troy Tulowitzki","shortstop",523,85,28,92,3,0.303,11.61,39.99,NA,NA,NA,NA,NA,NA,NA
"8",791,"Buster Posey","catcher",503,69,19,74,1,0.299,11.6,39.99,NA,NA,NA,NA,NA,NA,NA
"9",607,"Adrian Beltre","third_base",576,82,24,94,1,0.297,11.48,39.59,NA,NA,NA,NA,NA,NA,NA
"10",249,"Edwin Encarnacion","first_base",549,91,35,101,4,0.268,11.08,38.26,NA,NA,NA,NA,NA,NA,NA
"11",797,"Paul Goldschmidt","first_base",554,89,31,92,11,0.283,10.85,37.51,NA,NA,NA,NA,NA,NA,NA
"12",132,"Anthony Rendon","third_base",573,85,19,71,11,0.279,10.78,37.29,NA,NA,NA,NA,NA,NA,NA
"13",213,"Joe Mauer","catcher",534,73,9,62,3,0.284,10.68,36.98,NA,NA,NA,NA,NA,NA,NA
"14",491,"Josh Donaldson","third_base",558,83,27,88,5,0.264,10.59,36.68,NA,NA,NA,NA,NA,NA,NA
"15",269,"Carlos Santana","catcher",490,74,21,73,4,0.245,10.55,36.53,NA,NA,NA,NA,NA,NA,NA
"16",605,"Adam Jones","outfield",610,79,27,91,7,0.274,10.37,35.94,NA,NA,NA,NA,NA,NA,NA
"17",178,"Jose Abreu","first_base",543,85,34,98,3,0.283,10.32,35.78,NA,NA,NA,NA,NA,NA,NA
"18",330,"Robinson Cano","second_base",579,81,18,82,6,0.295,10.23,35.49,NA,NA,NA,NA,NA,NA,NA
"19",318,"Shin-Soo Choo","outfield",534,86,16,62,11,0.264,10.21,35.41,NA,NA,NA,NA,NA,NA,NA
"20",345,"Ryan Braun","outfield",546,79,24,80,13,0.278,10.21,35.41,NA,NA,NA,NA,NA,NA,NA
"21",86,"Bryce Harper","outfield",516,78,25,78,10,0.278,10.1,35.07,NA,NA,NA,NA,NA,NA,NA
"22",529,"Jose Altuve","second_base",616,84,9,62,35,0.299,10.04,34.87,NA,NA,NA,NA,NA,NA,NA
"23",592,"Ian Kinsler","second_base",612,87,16,67,14,0.266,10.04,34.85,NA,NA,NA,NA,NA,NA,NA
"24",82,"Christian Yelich","outfield",595,85,14,57,20,0.27,10.03,34.82,NA,NA,NA,NA,NA,NA,NA
"25",704,"Charlie Blackmon","outfield",593,82,16,64,22,0.274,9.78,34.01,NA,NA,NA,NA,NA,NA,NA
"26",63,"Kole Calhoun","outfield",574,82,20,68,9,0.263,9.75,33.91,NA,NA,NA,NA,NA,NA,NA
"27",716,"Hanley Ramirez","shortstop",531,83,20,83,13,0.291,9.74,33.89,NA,NA,NA,NA,NA,NA,NA
"28",147,"Jayson Werth","outfield",524,78,18,73,7,0.285,9.62,33.49,NA,NA,NA,NA,NA,NA,NA
"29",471,"Carlos Gomez","outfield",569,80,22,71,30,0.261,9.45,32.94,NA,NA,NA,NA,NA,NA,NA
"30",460,"Jacoby Ellsbury","outfield",571,81,16,64,31,0.271,9.43,32.87,NA,NA,NA,NA,NA,NA,NA
"31",481,"Jason Heyward","outfield",531,79,20,69,14,0.27,9.4,32.78,NA,NA,NA,NA,NA,NA,NA
"32",355,"Anthony Rizzo","first_base",541,85,30,89,6,0.271,9.34,32.58,NA,NA,NA,NA,NA,NA,NA
"33",868,"Steve Pearce","outfield",514,77,23,74,6,0.27,9.31,32.47,NA,NA,NA,NA,NA,NA,NA
"34",217,"Matt Holliday","outfield",534,77,20,77,4,0.277,9.28,32.37,NA,NA,NA,NA,NA,NA,NA
"35",527,"Pablo Sandoval","third_base",543,76,18,83,1,0.291,9.24,32.26,NA,NA,NA,NA,NA,NA,NA
"36",499,"Alex Gordon","outfield",573,79,18,72,9,0.27,9.18,32.04,NA,NA,NA,NA,NA,NA,NA
"37",663,"Carlos Gonzalez","outfield",475,73,24,77,11,0.282,9.08,31.72,NA,NA,NA,NA,NA,NA,NA
"38",199,"Jose Reyes","shortstop",583,86,11,58,22,0.284,9.07,31.69,NA,NA,NA,NA,NA,NA,NA
"39",812,"Evan Longoria","third_base",567,78,25,85,3,0.256,8.93,31.24,NA,NA,NA,NA,NA,NA,NA
"40",141,"Yoenis Cespedes","outfield",551,75,24,86,7,0.268,8.9,31.14,NA,NA,NA,NA,NA,NA,NA
"41",681,"David Ortiz","dh",521,84,26,91,1,0.277,8.87,31.02,NA,NA,NA,NA,NA,NA,NA
"42",396,"Melky Cabrera","outfield",555,76,14,66,6,0.288,8.86,31.02,NA,NA,NA,NA,NA,NA,NA
"43",723,"Matt Carpenter","third_base",540,81,10,51,5,0.276,8.77,30.7,NA,NA,NA,NA,NA,NA,NA
"267",6,"Clayton Kershaw","pitcher",NA,NA,NA,NA,NA,NA,10.79,30.41,"2036",201,2.46,1.02,0,15,225
"44",55,"Evan Gattis","catcher",528,63,26,77,2,0.243,8.64,30.28,NA,NA,NA,NA,NA,NA,NA
"45",405,"Michael Brantley","outfield",575,75,13,72,14,0.29,8.62,30.23,NA,NA,NA,NA,NA,NA,NA
"46",129,"George Springer","outfield",531,78,28,79,15,0.235,8.56,30.01,NA,NA,NA,NA,NA,NA,NA
"47",468,"Brian McCann","catcher",466,62,24,70,1,0.251,8.55,29.98,NA,NA,NA,NA,NA,NA,NA
"48",846,"Nolan Arenado","third_base",571,73,20,82,3,0.282,8.42,29.58,NA,NA,NA,NA,NA,NA,NA
"49",735,"Hunter Pence","outfield",588,75,19,75,11,0.269,8.38,29.43,NA,NA,NA,NA,NA,NA,NA
"50",522,"Freddie Freeman","first_base",560,81,24,83,3,0.284,8.37,29.39,NA,NA,NA,NA,NA,NA,NA
"51",389,"Victor Martinez","dh",526,78,20,83,3,0.309,8.29,29.14,NA,NA,NA,NA,NA,NA,NA
"52",444,"Prince Fielder","first_base",510,81,24,86,1,0.282,8.28,29.11,NA,NA,NA,NA,NA,NA,NA
"53",745,"Denard Span","outfield",578,79,5,47,23,0.282,8.24,28.96,NA,NA,NA,NA,NA,NA,NA
"54",866,"Brett Gardner","outfield",584,81,12,58,21,0.254,8.23,28.95,NA,NA,NA,NA,NA,NA,NA
"55",747,"Dustin Pedroia","second_base",553,78,10,68,10,0.283,8.15,28.69,NA,NA,NA,NA,NA,NA,NA
"56",666,"Torii Hunter","outfield",567,73,15,69,4,0.284,8.15,28.69,NA,NA,NA,NA,NA,NA,NA
"57",84,"Manny Machado","third_base",559,75,18,69,6,0.271,8.15,28.68,NA,NA,NA,NA,NA,NA,NA
"58",847,"Kyle Seager","third_base",562,75,21,78,7,0.262,8.09,28.5,NA,NA,NA,NA,NA,NA,NA
"59",591,"J.D. Martinez","outfield",536,71,22,80,6,0.273,8.03,28.27,NA,NA,NA,NA,NA,NA,NA
"60",45,"Corey Dickerson","outfield",478,69,20,72,10,0.285,7.89,27.84,NA,NA,NA,NA,NA,NA,NA
"61",731,"Josh Harrison","outfield",572,72,12,60,19,0.28,7.42,26.29,NA,NA,NA,NA,NA,NA,NA
"62",64,"Adam Eaton","outfield",564,77,6,49,19,0.27,7.39,26.19,NA,NA,NA,NA,NA,NA,NA
"63",800,"Starling Marte","outfield",539,72,14,60,29,0.274,7.38,26.17,NA,NA,NA,NA,NA,NA,NA
"64",227,"Adrian Gonzalez","first_base",581,77,24,85,2,0.28,7.33,25.98,NA,NA,NA,NA,NA,NA,NA
"65",420,"Joey Votto","first_base",486,79,20,70,4,0.28,7.31,25.92,NA,NA,NA,NA,NA,NA,NA
"66",96,"Albert Pujols","first_base",555,78,26,87,4,0.269,7.29,25.85,NA,NA,NA,NA,NA,NA,NA
"67",679,"Ben Zobrist","outfield",540,75,12,61,9,0.262,7.28,25.84,NA,NA,NA,NA,NA,NA,NA
"68",502,"Justin Upton","outfield",530,71,23,74,8,0.253,7.26,25.77,NA,NA,NA,NA,NA,NA,NA
"69",274,"Nelson Cruz","outfield",518,70,26,80,5,0.249,7.21,25.6,NA,NA,NA,NA,NA,NA,NA
"70",413,"Ryan Zimmerman","third_base",507,69,19,71,3,0.275,7.14,25.36,NA,NA,NA,NA,NA,NA,NA
"71",179,"Coco Crisp","outfield",528,76,13,53,20,0.251,7.13,25.34,NA,NA,NA,NA,NA,NA,NA
"72",445,"Russell Martin","catcher",434,61,16,59,6,0.242,7.03,25.02,NA,NA,NA,NA,NA,NA,NA
"73",851,"Brian Dozier","second_base",576,78,16,63,16,0.24,6.95,24.74,NA,NA,NA,NA,NA,NA,NA
"268",35,"Max Scherzer","pitcher",NA,NA,NA,NA,NA,NA,8.62,24.29,"3137",195,3.02,1.1,0,14,226
"74",637,"Mark Trumbo","outfield",526,67,29,81,4,0.246,6.77,24.15,NA,NA,NA,NA,NA,NA,NA
"75",433,"Brandon Moss","outfield",452,67,28,76,2,0.248,6.74,24.07,NA,NA,NA,NA,NA,NA,NA
"269",32,"Chris Sale","pitcher",NA,NA,NA,NA,NA,NA,8.52,24,"10603",192,3.02,1.09,0,14,220
"76",853,"Austin Jackson","outfield",566,75,9,51,15,0.256,6.68,23.87,NA,NA,NA,NA,NA,NA,NA
"77",567,"Nick Markakis","outfield",582,71,12,54,4,0.266,6.59,23.58,NA,NA,NA,NA,NA,NA,NA
"78",233,"Desmond Jennings","outfield",552,75,14,55,19,0.241,6.59,23.57,NA,NA,NA,NA,NA,NA,NA
"79",159,"Jorge Soler","outfield",508,66,23,77,4,0.262,6.57,23.52,NA,NA,NA,NA,NA,NA,NA
"270",10,"Felix Hernandez","pitcher",NA,NA,NA,NA,NA,NA,8.29,23.35,"4772",192,2.94,1.08,0,14,197
"80",358,"Eric Hosmer","first_base",573,76,19,77,7,0.278,6.46,23.14,NA,NA,NA,NA,NA,NA,NA
"81",200,"Justin Morneau","first_base",510,72,20,79,2,0.295,6.45,23.11,NA,NA,NA,NA,NA,NA,NA
"271",28,"Madison Bumgarner","pitcher",NA,NA,NA,NA,NA,NA,8.08,22.76,"5524",201,2.96,1.11,0,13,203
"82",23,"Oswaldo Arcia","outfield",487,65,24,74,4,0.258,6.29,22.6,NA,NA,NA,NA,NA,NA,NA
"83",140,"Nori Aoki","outfield",531,70,6,44,18,0.279,6.27,22.51,NA,NA,NA,NA,NA,NA,NA
"84",665,"Salvador Perez","catcher",449,52,14,58,1,0.274,6.26,22.49,NA,NA,NA,NA,NA,NA,NA
"85",400,"Dexter Fowler","outfield",526,74,11,55,13,0.246,6.25,22.47,NA,NA,NA,NA,NA,NA,NA
"86",26,"Marcell Ozuna","outfield",565,66,22,76,4,0.255,6.15,22.14,NA,NA,NA,NA,NA,NA,NA
"87",375,"David Wright","third_base",512,66,16,65,9,0.275,6.15,22.13,NA,NA,NA,NA,NA,NA,NA
"88",459,"Chase Headley","third_base",518,69,17,68,8,0.257,6.12,22.04,NA,NA,NA,NA,NA,NA,NA
"89",690,"Neil Walker","second_base",501,67,17,66,3,0.273,6.12,22.03,NA,NA,NA,NA,NA,NA,NA
"90",14,"Billy Hamilton","outfield",610,75,8,46,68,0.245,6.09,21.92,NA,NA,NA,NA,NA,NA,NA
"91",698,"Travis d'Arnaud","catcher",454,54,17,61,2,0.251,6.02,21.72,NA,NA,NA,NA,NA,NA,NA
"92",550,"Matt Kemp","outfield",496,64,20,70,8,0.266,5.98,21.56,NA,NA,NA,NA,NA,NA,NA
"93",488,"Stephen Vogt","catcher",460,54,12,55,2,0.261,5.9,21.3,NA,NA,NA,NA,NA,NA,NA
"94",419,"Matt Wieters","catcher",429,54,17,57,3,0.246,5.8,21,NA,NA,NA,NA,NA,NA,NA
"272",18,"Stephen Strasburg","pitcher",NA,NA,NA,NA,NA,NA,7.44,20.95,"10131",182,3.03,1.1,0,13,198
"273",69,"Yu Darvish","pitcher",NA,NA,NA,NA,NA,NA,7.44,20.95,"13074",192,3.25,1.17,0,14,224
"95",332,"Martin Prado","third_base",577,67,11,63,5,0.274,5.76,20.84,NA,NA,NA,NA,NA,NA,NA
"96",845,"Jason Kipnis","second_base",540,71,13,62,20,0.253,5.66,20.52,NA,NA,NA,NA,NA,NA,NA
"97",277,"Pedro Alvarez","third_base",499,65,26,75,6,0.242,5.61,20.38,NA,NA,NA,NA,NA,NA,NA
"274",43,"Zack Greinke","pitcher",NA,NA,NA,NA,NA,NA,7.16,20.16,"1943",192,3.03,1.12,0,13,180
"275",58,"David Price","pitcher",NA,NA,NA,NA,NA,NA,7.14,20.12,"3184",192,3.24,1.11,0,14,179
"98",830,"Yan Gomes","catcher",421,51,16,57,2,0.257,5.52,20.08,NA,NA,NA,NA,NA,NA,NA
"99",705,"Jonathan Lucroy","catcher",380,49,10,48,4,0.282,5.51,20.03,NA,NA,NA,NA,NA,NA,NA
"276",29,"Corey Kluber","pitcher",NA,NA,NA,NA,NA,NA,7.08,19.96,"2429",192,3.21,1.13,0,13,196
"100",703,"Todd Frazier","third_base",516,65,22,69,11,0.249,5.47,19.9,NA,NA,NA,NA,NA,NA,NA
"101",765,"Elvis Andrus","shortstop",599,76,4,54,28,0.269,5.45,19.86,NA,NA,NA,NA,NA,NA,NA
"102",421,"Daniel Murphy","second_base",572,67,9,56,11,0.277,5.39,19.65,NA,NA,NA,NA,NA,NA,NA
"103",172,"Michael Cuddyer","outfield",540,64,19,70,7,0.255,5.38,19.62,NA,NA,NA,NA,NA,NA,NA
"104",862,"Jay Bruce","outfield",497,64,24,72,8,0.239,5.24,19.17,NA,NA,NA,NA,NA,NA,NA
"105",9,"Dustin Ackley","outfield",531,67,13,59,8,0.252,5.22,19.1,NA,NA,NA,NA,NA,NA,NA
"106",98,"Leonys Martin","outfield",526,66,10,56,27,0.264,5.19,19,NA,NA,NA,NA,NA,NA,NA
"107",586,"Aaron Hill","second_base",579,67,16,65,6,0.252,5.09,18.65,NA,NA,NA,NA,NA,NA,NA
"108",864,"Chris Carter","first_base",522,74,32,83,4,0.223,5.08,18.63,NA,NA,NA,NA,NA,NA,NA
"109",803,"Chris Davis","first_base",483,71,30,79,3,0.242,5.04,18.49,NA,NA,NA,NA,NA,NA,NA
"110",219,"Josh Hamilton","outfield",510,64,19,70,4,0.247,5.03,18.47,NA,NA,NA,NA,NA,NA,NA
"111",310,"Michael Morse","outfield",504,61,20,70,1,0.259,5.02,18.43,NA,NA,NA,NA,NA,NA,NA
"112",162,"Wilson Ramos","catcher",394,46,16,55,1,0.269,4.96,18.25,NA,NA,NA,NA,NA,NA,NA
"113",732,"Dee Gordon","second_base",605,72,3,42,53,0.256,4.88,17.97,NA,NA,NA,NA,NA,NA,NA
"277",152,"Masahiro Tanaka","pitcher",NA,NA,NA,NA,NA,NA,6.36,17.91,"15764",192,3.41,1.12,0,13,171
"278",68,"Jon Lester","pitcher",NA,NA,NA,NA,NA,NA,6.34,17.87,"4930",192,3.29,1.17,0,13,185
"114",640,"Ian Desmond","shortstop",564,68,18,72,18,0.258,4.82,17.78,NA,NA,NA,NA,NA,NA,NA
"115",606,"Michael Bourn","outfield",543,69,5,43,19,0.253,4.8,17.7,NA,NA,NA,NA,NA,NA,NA
"279",1,"Aroldis Chapman","pitcher",NA,NA,NA,NA,NA,NA,6.27,17.68,"10233",65,1.42,0.87,31,4,114
"116",225,"Adam LaRoche","first_base",505,73,25,77,2,0.239,4.77,17.63,NA,NA,NA,NA,NA,NA,NA
"117",108,"Xander Bogaerts","third_base",493,64,15,63,5,0.256,4.77,17.61,NA,NA,NA,NA,NA,NA,NA
"118",192,"Chase Utley","second_base",544,65,14,62,7,0.258,4.69,17.35,NA,NA,NA,NA,NA,NA,NA
"119",133,"Gregory Polanco","outfield",512,64,14,54,23,0.25,4.6,17.05,NA,NA,NA,NA,NA,NA,NA
"120",457,"Ben Revere","outfield",582,63,3,41,36,0.283,4.59,17.01,NA,NA,NA,NA,NA,NA,NA
"280",36,"Matt Harvey","pitcher",NA,NA,NA,NA,NA,NA,6.02,16.95,"11713",173,3.13,1.13,0,11,185
"121",717,"Wilin Rosario","catcher",320,42,16,51,2,0.279,4.54,16.85,NA,NA,NA,NA,NA,NA,NA
"122",338,"Alejandro De Aza","outfield",473,63,10,48,16,0.263,4.5,16.73,NA,NA,NA,NA,NA,NA,NA
"123",386,"Josh Reddick","outfield",485,62,18,66,5,0.247,4.48,16.68,NA,NA,NA,NA,NA,NA,NA
"124",559,"Avisail Garcia","outfield",504,59,17,65,9,0.263,4.42,16.48,NA,NA,NA,NA,NA,NA,NA
"281",2,"Craig Kimbrel","pitcher",NA,NA,NA,NA,NA,NA,5.83,16.43,"6655",65,1.91,0.97,35,4,94
"125",308,"Angel Pagan","outfield",504,62,7,44,18,0.273,4.38,16.34,NA,NA,NA,NA,NA,NA,NA
"126",118,"Marcus Semien","third_base",504,65,16,61,9,0.239,4.35,16.25,NA,NA,NA,NA,NA,NA,NA
"127",311,"Mike Napoli","first_base",461,71,22,73,3,0.244,4.22,15.82,NA,NA,NA,NA,NA,NA,NA
"128",839,"Jimmy Rollins","shortstop",561,72,13,53,20,0.237,4.2,15.75,NA,NA,NA,NA,NA,NA,NA
"282",113,"Jordan Zimmermann","pitcher",NA,NA,NA,NA,NA,NA,5.57,15.7,"4505",182,3.38,1.15,0,13,155
"129",554,"Devin Mesoraco","catcher",375,46,18,54,2,0.246,4.18,15.69,NA,NA,NA,NA,NA,NA,NA
"130",650,"Yadier Molina","catcher",376,43,9,47,2,0.284,4.18,15.69,NA,NA,NA,NA,NA,NA,NA
"131",19,"Brandon Belt","first_base",521,67,20,72,7,0.268,4.18,15.68,NA,NA,NA,NA,NA,NA,NA
"283",112,"Cole Hamels","pitcher",NA,NA,NA,NA,NA,NA,5.55,15.64,"4972",192,3.48,1.17,0,11,186
"132",1,"Aramis Ramirez","third_base",480,58,17,66,2,0.266,4.13,15.53,NA,NA,NA,NA,NA,NA,NA
"284",137,"Johnny Cueto","pitcher",NA,NA,NA,NA,NA,NA,5.51,15.53,"6893",182,3.28,1.16,0,11,174
"133",495,"Alexei Ramirez","shortstop",595,67,11,63,17,0.265,4.12,15.48,NA,NA,NA,NA,NA,NA,NA
"134",507,"Brett Lawrie","third_base",463,59,16,60,6,0.263,4.1,15.44,NA,NA,NA,NA,NA,NA,NA
"285",164,"James Shields","pitcher",NA,NA,NA,NA,NA,NA,5.45,15.35,"7059",201,3.62,1.2,0,13,174
"135",4,"Wil Myers","outfield",493,60,18,62,8,0.247,4.05,15.26,NA,NA,NA,NA,NA,NA,NA
"286",89,"Hyun-Jin Ryu","pitcher",NA,NA,NA,NA,NA,NA,5.41,15.23,"14444",182,3.33,1.16,0,12,160
"136",673,"Billy Butler","dh",531,68,15,71,1,0.274,4.02,15.17,NA,NA,NA,NA,NA,NA,NA
"287",103,"Hisashi Iwakuma","pitcher",NA,NA,NA,NA,NA,NA,5.37,15.12,"13048",192,3.52,1.17,0,13,155
"137",76,"Yasmani Grandal","catcher",386,48,13,51,2,0.241,3.83,14.54,NA,NA,NA,NA,NA,NA,NA
"138",402,"Erick Aybar","shortstop",575,66,8,59,15,0.271,3.83,14.53,NA,NA,NA,NA,NA,NA,NA
"139",786,"Lorenzo Cain","outfield",537,60,8,55,21,0.267,3.8,14.43,NA,NA,NA,NA,NA,NA,NA
"140",146,"Mike Zunino","catcher",412,49,19,55,3,0.219,3.76,14.32,NA,NA,NA,NA,NA,NA,NA
"141",439,"Starlin Castro","shortstop",530,63,12,60,8,0.274,3.76,14.31,NA,NA,NA,NA,NA,NA,NA
"142",100,"Joc Pederson","outfield",499,62,20,64,19,0.225,3.75,14.26,NA,NA,NA,NA,NA,NA,NA
"288",4,"Greg Holland","pitcher",NA,NA,NA,NA,NA,NA,5,14.1,"7196",65,2.24,1.02,33,4,84
"289",3,"Kenley Jansen","pitcher",NA,NA,NA,NA,NA,NA,4.95,13.96,"3096",65,2.04,0.96,30,4,87
"143",134,"Javier Baez","second_base",473,63,23,58,12,0.221,3.65,13.95,NA,NA,NA,NA,NA,NA,NA
"144",564,"Carlos Beltran","outfield",414,56,17,58,3,0.26,3.64,13.92,NA,NA,NA,NA,NA,NA,NA
"145",377,"J.J. Hardy","shortstop",570,64,17,65,2,0.253,3.62,13.85,NA,NA,NA,NA,NA,NA,NA
"146",109,"Maikel Franco","third_base",542,59,19,63,3,0.244,3.61,13.82,NA,NA,NA,NA,NA,NA,NA
"147",280,"Lucas Duda","first_base",534,69,24,75,3,0.234,3.58,13.7,NA,NA,NA,NA,NA,NA,NA
"148",795,"Logan Morrison","first_base",514,67,20,70,5,0.254,3.57,13.68,NA,NA,NA,NA,NA,NA,NA
"290",84,"Alex Cobb","pitcher",NA,NA,NA,NA,NA,NA,4.82,13.58,"6562",192,3.5,1.23,0,12,168
"149",104,"Carl Crawford","outfield",461,56,11,51,19,0.273,3.53,13.56,NA,NA,NA,NA,NA,NA,NA
"150",766,"Jason Castro","catcher",416,49,12,50,2,0.23,3.45,13.31,NA,NA,NA,NA,NA,NA,NA
"151",48,"Jedd Gyorko","second_base",524,60,19,66,4,0.24,3.38,13.07,NA,NA,NA,NA,NA,NA,NA
"291",155,"Marcus Stroman","pitcher",NA,NA,NA,NA,NA,NA,4.56,12.86,"13431",192,3.75,1.24,0,13,168
"152",461,"Curtis Granderson","outfield",465,61,19,56,6,0.222,3.28,12.75,NA,NA,NA,NA,NA,NA,NA
"292",15,"Joaquin Benoit","pitcher",NA,NA,NA,NA,NA,NA,4.51,12.72,"1437",65,2.57,1.07,33,4,77
"293",17,"Koji Uehara","pitcher",NA,NA,NA,NA,NA,NA,4.51,12.72,"9227",65,2.33,0.99,31,4,71
"153",486,"Luis Valbuena","third_base",499,61,14,58,3,0.239,3.26,12.67,NA,NA,NA,NA,NA,NA,NA
"294",142,"John Lackey","pitcher",NA,NA,NA,NA,NA,NA,4.48,12.62,"1507",182,3.62,1.19,0,12,150
"154",872,"Michael Saunders","outfield",419,58,14,54,10,0.248,3.21,12.51,NA,NA,NA,NA,NA,NA,NA
"155",24,"Danny Santana","outfield",484,59,7,42,18,0.261,3.21,12.49,NA,NA,NA,NA,NA,NA,NA
"156",505,"Jon Jay","outfield",475,56,6,47,8,0.278,3.19,12.43,NA,NA,NA,NA,NA,NA,NA
"295",83,"Adam Wainwright","pitcher",NA,NA,NA,NA,NA,NA,4.4,12.39,"2233",173,3.42,1.17,0,11,143
"296",8,"Mark Melancon","pitcher",NA,NA,NA,NA,NA,NA,4.39,12.36,"4264",65,2.61,1.09,35,4,61
"157",91,"Nick Castellanos","third_base",487,56,13,59,4,0.264,3.16,12.34,NA,NA,NA,NA,NA,NA,NA
"158",802,"A.J. Pollock","outfield",497,57,10,51,16,0.262,3.15,12.33,NA,NA,NA,NA,NA,NA,NA
"297",101,"Cliff Lee","pitcher",NA,NA,NA,NA,NA,NA,4.37,12.32,"1636",173,3.53,1.14,0,10,149
"159",807,"Drew Stubbs","outfield",409,56,13,50,17,0.259,3.14,12.3,NA,NA,NA,NA,NA,NA,NA
"160",473,"Mike Moustakas","third_base",478,57,17,61,3,0.248,3.13,12.23,NA,NA,NA,NA,NA,NA,NA
"161",191,"Shane Victorino","outfield",395,56,10,48,11,0.266,3.11,12.19,NA,NA,NA,NA,NA,NA,NA
"298",403,"Mike Fiers","pitcher",NA,NA,NA,NA,NA,NA,4.31,12.16,"7754",173,3.65,1.2,0,11,169
"162",825,"David Freese","third_base",478,57,12,57,3,0.26,3.09,12.11,NA,NA,NA,NA,NA,NA,NA
"299",12,"David Robertson","pitcher",NA,NA,NA,NA,NA,NA,4.28,12.05,"8241",65,2.83,1.11,33,4,79
"300",314,"Ian Kennedy","pitcher",NA,NA,NA,NA,NA,NA,4.28,12.05,"6986",192,3.78,1.25,0,11,186
"301",396,"Phil Hughes","pitcher",NA,NA,NA,NA,NA,NA,4.27,12.02,"7450",192,3.91,1.2,0,12,159
"302",291,"Lance Lynn","pitcher",NA,NA,NA,NA,NA,NA,4.27,12.02,"2520",192,3.72,1.26,0,12,173
"303",20,"Sean Doolittle","pitcher",NA,NA,NA,NA,NA,NA,4.25,11.98,"1581",65,2.2,1,28,4,77
"163",28,"Scooter Gennett","second_base",512,57,10,52,8,0.27,3.03,11.92,NA,NA,NA,NA,NA,NA,NA
"164",683,"Trevor Plouffe","third_base",462,57,16,60,2,0.248,3.01,11.86,NA,NA,NA,NA,NA,NA,NA
"304",235,"Jeff Samardzija","pitcher",NA,NA,NA,NA,NA,NA,4.21,11.85,"3254",192,3.94,1.24,0,12,178
"165",718,"Adam Lind","first_base",470,61,19,68,1,0.272,2.94,11.63,NA,NA,NA,NA,NA,NA,NA
"305",247,"Scott Kazmir","pitcher",NA,NA,NA,NA,NA,NA,4.11,11.57,"4897",182,3.71,1.23,0,12,157
"306",79,"Brandon McCarthy","pitcher",NA,NA,NA,NA,NA,NA,4.08,11.48,"4662",163,3.45,1.15,0,11,131
"166",241,"Alex Rios","outfield",492,55,10,58,17,0.265,2.85,11.34,NA,NA,NA,NA,NA,NA,NA
"307",27,"Trevor Rosenthal","pitcher",NA,NA,NA,NA,NA,NA,4,11.27,"10745",65,2.77,1.15,32,4,77
"308",48,"Glen Perkins","pitcher",NA,NA,NA,NA,NA,NA,3.98,11.22,"8041",65,2.87,1.12,33,4,67
"167",151,"Mookie Betts","outfield",345,52,8,41,16,0.284,2.81,11.2,NA,NA,NA,NA,NA,NA,NA
"168",822,"Marlon Byrd","outfield",507,55,17,63,3,0.245,2.77,11.06,NA,NA,NA,NA,NA,NA,NA
"309",65,"Francisco Liriano","pitcher",NA,NA,NA,NA,NA,NA,3.9,10.99,"3201",173,3.59,1.27,0,11,175
"169",44,"Arismendy Alcantara","outfield",514,58,14,55,19,0.237,2.73,10.93,NA,NA,NA,NA,NA,NA,NA
"310",74,"Carlos Carrasco","pitcher",NA,NA,NA,NA,NA,NA,3.88,10.92,"6632",163,3.58,1.21,0,11,155
"170",414,"Howie Kendrick","second_base",507,55,9,58,8,0.275,2.7,10.85,NA,NA,NA,NA,NA,NA,NA
"171",555,"Steven Souza","outfield",415,55,16,55,19,0.246,2.7,10.83,NA,NA,NA,NA,NA,NA,NA
"172",337,"Miguel Montero","catcher",361,43,9,43,2,0.249,2.65,10.67,NA,NA,NA,NA,NA,NA,NA
"311",47,"Cody Allen","pitcher",NA,NA,NA,NA,NA,NA,3.78,10.65,"12183",65,2.91,1.15,31,4,77
"312",19,"Steve Cishek","pitcher",NA,NA,NA,NA,NA,NA,3.78,10.65,"6483",65,2.93,1.15,34,3,69
"173",316,"Robinson Chirinos","catcher",384,44,12,46,2,0.236,2.63,10.62,NA,NA,NA,NA,NA,NA,NA
"313",14,"Jose Fernandez","pitcher",NA,NA,NA,NA,NA,NA,3.76,10.6,"11530",125,2.93,1.12,0,9,144
"174",429,"Jed Lowrie","shortstop",502,61,12,58,1,0.258,2.62,10.59,NA,NA,NA,NA,NA,NA,NA
"314",9,"Jake McGee","pitcher",NA,NA,NA,NA,NA,NA,3.75,10.56,"7550",65,2.28,1.03,25,4,80
"315",264,"Homer Bailey","pitcher",NA,NA,NA,NA,NA,NA,3.73,10.52,"8362",173,3.67,1.2,0,10,154
"175",288,"Carlos Ruiz","catcher",386,41,8,41,4,0.26,2.58,10.46,NA,NA,NA,NA,NA,NA,NA
"316",139,"Alex Wood","pitcher",NA,NA,NA,NA,NA,NA,3.68,10.38,"13781",173,3.6,1.24,0,10,164
"317",31,"Brett Cecil","pitcher",NA,NA,NA,NA,NA,NA,3.63,10.23,"2660",65,2.98,1.16,31,4,73
"176",477,"Matt Dominguez","third_base",519,57,18,63,1,0.23,2.45,10.02,NA,NA,NA,NA,NA,NA,NA
"177",201,"Jhonny Peralta","shortstop",514,59,15,64,3,0.256,2.44,9.99,NA,NA,NA,NA,NA,NA,NA
"178",638,"Chris Coghlan","outfield",460,57,8,44,10,0.25,2.4,9.87,NA,NA,NA,NA,NA,NA,NA
"318",637,"Julio Teheran","pitcher",NA,NA,NA,NA,NA,NA,3.48,9.81,"6797",182,3.79,1.23,0,10,157
"319",423,"Jake Peavy","pitcher",NA,NA,NA,NA,NA,NA,3.48,9.8,"1051",173,3.67,1.23,0,11,142
"179",335,"Matt Joyce","outfield",422,56,13,53,5,0.241,2.36,9.71,NA,NA,NA,NA,NA,NA,NA
"320",131,"Jake Arrieta","pitcher",NA,NA,NA,NA,NA,NA,3.43,9.66,"4153",163,3.6,1.24,0,10,159
"180",740,"Chris Iannetta","catcher",347,46,10,40,3,0.224,2.31,9.58,NA,NA,NA,NA,NA,NA,NA
"321",715,"Michael Pineda","pitcher",NA,NA,NA,NA,NA,NA,3.32,9.37,"5372",173,3.91,1.21,0,11,143
"322",471,"CC Sabathia","pitcher",NA,NA,NA,NA,NA,NA,3.32,9.35,"404",192,3.94,1.25,0,11,151
"323",194,"Sonny Gray","pitcher",NA,NA,NA,NA,NA,NA,3.31,9.33,"12768",192,3.82,1.31,0,12,158
"324",175,"Anibal Sanchez","pitcher",NA,NA,NA,NA,NA,NA,3.31,9.33,"3284",163,3.8,1.21,0,11,142
"325",285,"Danny Salazar","pitcher",NA,NA,NA,NA,NA,NA,3.3,9.31,"5867",153,3.62,1.23,0,10,158
"326",225,"Doug Fister","pitcher",NA,NA,NA,NA,NA,NA,3.29,9.26,"9425",182,3.78,1.24,0,12,126
"327",222,"Jonathan Papelbon","pitcher",NA,NA,NA,NA,NA,NA,3.26,9.18,"5975",65,3.43,1.17,34,3,60
"328",667,"Drew Hutchison","pitcher",NA,NA,NA,NA,NA,NA,3.25,9.15,"10732",173,4.07,1.27,0,12,165
"181",185,"Omar Infante","second_base",483,54,7,49,7,0.273,2.17,9.11,NA,NA,NA,NA,NA,NA,NA
"329",470,"Collin McHugh","pitcher",NA,NA,NA,NA,NA,NA,3.22,9.08,"7531",192,4.11,1.27,0,11,170
"330",172,"Gio Gonzalez","pitcher",NA,NA,NA,NA,NA,NA,3.22,9.08,"7448",163,3.72,1.27,0,11,157
"182",635,"Derek Norris","catcher",353,42,12,42,3,0.235,2.16,9.06,NA,NA,NA,NA,NA,NA,NA
"331",507,"Matt Shoemaker","pitcher",NA,NA,NA,NA,NA,NA,3.2,9.01,"4776",189,4.06,1.25,0,12,144
"183",117,"Kolten Wong","second_base",476,55,11,51,17,0.257,2.14,9,NA,NA,NA,NA,NA,NA,NA
"332",360,"Huston Street","pitcher",NA,NA,NA,NA,NA,NA,3.17,8.93,"8258",65,3.52,1.2,35,3,56
"333",106,"Gerrit Cole","pitcher",NA,NA,NA,NA,NA,NA,3.17,8.92,"13125",163,3.63,1.24,0,10,148
"334",726,"Justin Verlander","pitcher",NA,NA,NA,NA,NA,NA,3.15,8.87,"8700",192,4.04,1.28,0,12,153
"335",37,"Hector Rondon","pitcher",NA,NA,NA,NA,NA,NA,3.13,8.81,"2391",65,3.03,1.15,30,3,67
"184",669,"Seth Smith","outfield",403,54,11,50,2,0.249,2.05,8.7,NA,NA,NA,NA,NA,NA,NA
"336",38,"Fernando Rodney","pitcher",NA,NA,NA,NA,NA,NA,3.09,8.69,"494",65,3.12,1.18,29,4,67
"185",658,"David Lough","outfield",477,54,9,50,14,0.254,2.04,8.68,NA,NA,NA,NA,NA,NA,NA
"337",387,"Jose Quintana","pitcher",NA,NA,NA,NA,NA,NA,3.07,8.66,"11423",182,3.95,1.27,0,11,155
"338",195,"Addison Reed","pitcher",NA,NA,NA,NA,NA,NA,3.07,8.65,"10586",65,3.25,1.16,31,3,65
"339",765,"Tony Cingrani","pitcher",NA,NA,NA,NA,NA,NA,3.06,8.63,"12555",163,3.72,1.29,0,10,170
"340",365,"Matt Cain","pitcher",NA,NA,NA,NA,NA,NA,3.06,8.63,"4732",173,3.75,1.24,0,10,144
"186",438,"James Loney","first_base",548,61,11,63,3,0.271,1.99,8.53,NA,NA,NA,NA,NA,NA,NA
"341",109,"Drew Storen","pitcher",NA,NA,NA,NA,NA,NA,3,8.44,"6983",65,3.36,1.2,33,3,57
"342",82,"Zach Britton","pitcher",NA,NA,NA,NA,NA,NA,2.99,8.44,"3240",65,3.22,1.26,34,3,56
"343",92,"Garrett Richards","pitcher",NA,NA,NA,NA,NA,NA,2.99,8.43,"9784",153,3.64,1.25,0,11,139
"344",243,"Rick Porcello","pitcher",NA,NA,NA,NA,NA,NA,2.98,8.39,"2717",192,3.98,1.29,0,13,132
"187",684,"Alex Avila","catcher",334,43,10,40,2,0.23,1.93,8.31,NA,NA,NA,NA,NA,NA,NA
"188",707,"Brandon Phillips","second_base",495,53,12,55,4,0.259,1.91,8.24,NA,NA,NA,NA,NA,NA,NA
"189",814,"Matt Adams","first_base",472,57,19,69,3,0.268,1.9,8.22,NA,NA,NA,NA,NA,NA,NA
"345",91,"Tyson Ross","pitcher",NA,NA,NA,NA,NA,NA,2.89,8.14,"7872",163,3.69,1.28,0,10,155
"346",1127,"Jered Weaver","pitcher",NA,NA,NA,NA,NA,NA,2.87,8.09,"4235",192,4.15,1.28,0,12,148
"190",631,"Josmil Pinto","catcher",316,39,10,39,2,0.248,1.85,8.05,NA,NA,NA,NA,NA,NA,NA
"191",33,"Jon Singleton","first_base",501,66,22,67,4,0.214,1.82,7.97,NA,NA,NA,NA,NA,NA,NA
"347",187,"Dallas Keuchel","pitcher",NA,NA,NA,NA,NA,NA,2.83,7.96,"9434",192,3.85,1.32,0,12,141
"192",105,"Kennys Vargas","dh",478,60,20,69,1,0.25,1.8,7.9,NA,NA,NA,NA,NA,NA,NA
"193",207,"David DeJesus","outfield",441,56,9,44,6,0.238,1.77,7.8,NA,NA,NA,NA,NA,NA,NA
"348",882,"Wei-Yin Chen","pitcher",NA,NA,NA,NA,NA,NA,2.76,7.79,"13071",173,3.92,1.24,0,11,129
"349",386,"Chris Archer","pitcher",NA,NA,NA,NA,NA,NA,2.75,7.75,"6345",182,3.97,1.31,0,11,159
"194",600,"Alcides Escobar","shortstop",562,60,5,50,23,0.26,1.7,7.58,NA,NA,NA,NA,NA,NA,NA
"195",737,"Kurt Suzuki","catcher",361,39,6,38,1,0.255,1.7,7.58,NA,NA,NA,NA,NA,NA,NA
"196",762,"Kendrys Morales","dh",479,59,16,66,1,0.263,1.7,7.58,NA,NA,NA,NA,NA,NA,NA
"197",863,"Colby Rasmus","outfield",425,52,18,56,3,0.233,1.7,7.57,NA,NA,NA,NA,NA,NA,NA
"350",22,"Dellin Betances","pitcher",NA,NA,NA,NA,NA,NA,2.69,7.57,"6216",65,2.73,1.13,21,4,84
"198",128,"Mark Teixeira","first_base",472,63,23,69,2,0.223,1.68,7.5,NA,NA,NA,NA,NA,NA,NA
"199",102,"Joe Panik","second_base",547,56,5,47,5,0.255,1.59,7.21,NA,NA,NA,NA,NA,NA,NA
"351",703,"Derek Holland","pitcher",NA,NA,NA,NA,NA,NA,2.55,7.19,"4141",192,4.19,1.32,0,12,155
"352",953,"Neftali Feliz","pitcher",NA,NA,NA,NA,NA,NA,2.53,7.12,"18",65,3.8,1.31,34,3,57
"353",240,"Jacob deGrom","pitcher",NA,NA,NA,NA,NA,NA,2.52,7.11,"10954",163,3.93,1.26,0,10,145
"200",858,"DJ LeMahieu","second_base",488,51,5,47,14,0.279,1.56,7.1,NA,NA,NA,NA,NA,NA,NA
"201",247,"David Peralta","outfield",427,48,10,49,6,0.27,1.55,7.09,NA,NA,NA,NA,NA,NA,NA
"354",364,"Yordano Ventura","pitcher",NA,NA,NA,NA,NA,NA,2.51,7.07,"11855",173,3.86,1.3,0,10,151
"202",524,"Juan Lagares","outfield",543,53,8,49,12,0.249,1.49,6.88,NA,NA,NA,NA,NA,NA,NA
"203",787,"Khris Davis","outfield",376,48,18,54,4,0.247,1.45,6.74,NA,NA,NA,NA,NA,NA,NA
"355",947,"Jake Odorizzi","pitcher",NA,NA,NA,NA,NA,NA,2.39,6.73,"6397",173,4.01,1.3,0,10,156
"356",128,"Francisco Rodriguez","pitcher",NA,NA,NA,NA,NA,NA,2.39,6.73,"1642",65,3.41,1.2,28,3,63
"204",490,"B.J. Upton","outfield",493,56,15,51,17,0.215,1.44,6.72,NA,NA,NA,NA,NA,NA,NA
"205",61,"Josh Rutledge","second_base",493,56,9,50,9,0.241,1.43,6.68,NA,NA,NA,NA,NA,NA,NA
"357",205,"Andrew Cashner","pitcher",NA,NA,NA,NA,NA,NA,2.37,6.68,"8782",173,3.96,1.27,0,10,138
"358",419,"Dan Haren","pitcher",NA,NA,NA,NA,NA,NA,2.34,6.58,"1757",163,3.93,1.23,0,10,123
"206",547,"Jarrod Saltalamacchia","catcher",378,41,13,45,2,0.22,1.39,6.56,NA,NA,NA,NA,NA,NA,NA
"359",1269,"R.A. Dickey","pitcher",NA,NA,NA,NA,NA,NA,2.31,6.51,"1245",192,4.24,1.32,0,12,147
"207",315,"Gregor Blanco","outfield",484,54,5,43,17,0.249,1.37,6.49,NA,NA,NA,NA,NA,NA,NA
"360",233,"Michael Wacha","pitcher",NA,NA,NA,NA,NA,NA,2.3,6.49,"14078",144,3.66,1.23,0,9,130
"208",57,"Kevin Kiermaier","outfield",446,52,9,48,13,0.248,1.34,6.4,NA,NA,NA,NA,NA,NA,NA
"209",778,"Conor Gillaspie","third_base",441,51,11,52,2,0.252,1.32,6.33,NA,NA,NA,NA,NA,NA,NA
"361",279,"Jason Hammel","pitcher",NA,NA,NA,NA,NA,NA,2.24,6.3,"4538",153,3.85,1.24,0,9,136
"210",399,"Emilio Bonifacio","outfield",472,55,4,39,29,0.245,1.3,6.25,NA,NA,NA,NA,NA,NA,NA
"211",727,"Everth Cabrera","shortstop",495,60,5,38,30,0.25,1.27,6.15,NA,NA,NA,NA,NA,NA,NA
"212",585,"Casey McGehee","third_base",500,52,8,54,3,0.252,1.2,5.93,NA,NA,NA,NA,NA,NA,NA
"213",560,"Wilmer Flores","third_base",477,49,15,56,2,0.248,1.17,5.82,NA,NA,NA,NA,NA,NA,NA
"362",969,"Jason Vargas","pitcher",NA,NA,NA,NA,NA,NA,2.05,5.79,"8044",182,4.11,1.28,0,11,121
"214",480,"Ender Inciarte","outfield",467,52,5,35,19,0.254,1.16,5.78,NA,NA,NA,NA,NA,NA,NA
"215",385,"Chris Young","outfield",407,52,15,51,10,0.228,1.15,5.75,NA,NA,NA,NA,NA,NA,NA
"363",226,"Tim Hudson","pitcher",NA,NA,NA,NA,NA,NA,2.02,5.68,"921",182,3.92,1.28,0,10,117
"364",617,"Mike Minor","pitcher",NA,NA,NA,NA,NA,NA,1.99,5.61,"10021",173,4.07,1.28,0,9,144
"365",537,"C.J. Wilson","pitcher",NA,NA,NA,NA,NA,NA,1.98,5.59,"3580",192,4.25,1.38,0,12,161
"216",614,"Jordy Mercer","shortstop",514,55,11,56,5,0.255,1.08,5.53,NA,NA,NA,NA,NA,NA,NA
"366",362,"Joe Nathan","pitcher",NA,NA,NA,NA,NA,NA,1.96,5.52,"1122",65,3.65,1.26,28,3,58
"217",844,"Christian Vazquez","catcher",314,38,5,34,3,0.248,1.07,5.5,NA,NA,NA,NA,NA,NA,NA
"367",665,"J.A. Happ","pitcher",NA,NA,NA,NA,NA,NA,1.94,5.47,"7410",163,4.01,1.3,0,10,138
"218",753,"Ike Davis","first_base",430,60,17,59,3,0.239,1.05,5.45,NA,NA,NA,NA,NA,NA,NA
"368",245,"Tim Lincecum","pitcher",NA,NA,NA,NA,NA,NA,1.92,5.42,"5705",169,4.01,1.3,0,9,147
"219",50,"Andrelton Simmons","shortstop",534,55,11,53,7,0.254,1.04,5.39,NA,NA,NA,NA,NA,NA,NA
"369",200,"A.J. Burnett","pitcher",NA,NA,NA,NA,NA,NA,1.9,5.35,"512",173,4.04,1.33,0,10,147
"370",700,"Matt Garza","pitcher",NA,NA,NA,NA,NA,NA,1.89,5.33,"3340",182,4.26,1.31,0,10,151
"220",334,"Alberto Callaspo","third_base",507,51,9,51,3,0.25,1.01,5.31,NA,NA,NA,NA,NA,NA,NA
"371",228,"Zack Wheeler","pitcher",NA,NA,NA,NA,NA,NA,1.88,5.31,"10310",153,3.9,1.31,0,9,149
"221",364,"Rene Rivera","catcher",366,39,9,41,1,0.231,0.99,5.24,NA,NA,NA,NA,NA,NA,NA
"222",283,"Yonder Alonso","first_base",488,56,14,60,7,0.265,0.99,5.23,NA,NA,NA,NA,NA,NA,NA
"372",566,"Mat Latos","pitcher",NA,NA,NA,NA,NA,NA,1.84,5.19,"3815",182,4.12,1.3,0,10,133
"373",521,"Bartolo Colon","pitcher",NA,NA,NA,NA,NA,NA,1.82,5.13,"375",173,4.16,1.23,0,9,120
"223",115,"Kevin Pillar","outfield",399,47,8,47,14,0.266,0.94,5.06,NA,NA,NA,NA,NA,NA,NA
"374",444,"Mike Leake","pitcher",NA,NA,NA,NA,NA,NA,1.79,5.04,"10130",163,3.89,1.26,0,9,118
"375",1523,"Chris Tillman","pitcher",NA,NA,NA,NA,NA,NA,1.76,4.96,"5279",192,4.34,1.33,0,11,145
"224",369,"Rajai Davis","outfield",377,48,6,38,28,0.265,0.88,4.89,NA,NA,NA,NA,NA,NA,NA
"225",17,"Jose Iglesias","third_base",465,51,5,45,12,0.257,0.87,4.83,NA,NA,NA,NA,NA,NA,NA
"376",498,"Wade Miley","pitcher",NA,NA,NA,NA,NA,NA,1.69,4.77,"8779",173,4.21,1.35,0,12,133
"377",724,"Jeremy Hellickson","pitcher",NA,NA,NA,NA,NA,NA,1.69,4.77,"4371",173,4.15,1.28,0,9,135
"378",599,"Ervin Santana","pitcher",NA,NA,NA,NA,NA,NA,1.68,4.74,"3200",192,4.4,1.34,0,11,151
"379",281,"Jonathan Broxton","pitcher",NA,NA,NA,NA,NA,NA,1.68,4.72,"4759",65,3.69,1.26,26,3,59
"380",428,"Yovani Gallardo","pitcher",NA,NA,NA,NA,NA,NA,1.63,4.58,"8173",182,4.26,1.33,0,10,147
"381",95,"Santiago Casilla","pitcher",NA,NA,NA,NA,NA,NA,1.63,4.58,"2873",65,3.32,1.24,24,3,57
"382",594,"Clay Buchholz","pitcher",NA,NA,NA,NA,NA,NA,1.62,4.55,"3543",173,4.2,1.33,0,11,132
"383",849,"Matt Moore","pitcher",NA,NA,NA,NA,NA,NA,1.6,4.51,"1890",163,4.04,1.35,0,10,144
"384",776,"Shelby Miller","pitcher",NA,NA,NA,NA,NA,NA,1.59,4.48,"10197",173,4.15,1.33,0,9,152
"385",674,"Tanner Roark","pitcher",NA,NA,NA,NA,NA,NA,1.58,4.44,"8753",163,4.09,1.28,0,10,117
"386",436,"Jon Niese","pitcher",NA,NA,NA,NA,NA,NA,1.54,4.35,"4424",173,4.09,1.31,0,10,124
"387",352,"Drew Smyly","pitcher",NA,NA,NA,NA,NA,NA,1.54,4.35,"11760",125,3.54,1.23,0,8,113
"388",853,"Kevin Gausman","pitcher",NA,NA,NA,NA,NA,NA,1.51,4.25,"14107",163,4.19,1.31,0,10,133
"389",367,"LaTroy Hawkins","pitcher",NA,NA,NA,NA,NA,NA,1.47,4.13,"729",65,3.96,1.29,28,3,47
"390",224,"Luke Gregerson","pitcher",NA,NA,NA,NA,NA,NA,1.41,3.97,"4090",65,3.7,1.23,24,3,55
"391",328,"Carlos Martinez","pitcher",NA,NA,NA,NA,NA,NA,1.41,3.96,"11682",145,3.82,1.31,0,9,124
"392",350,"Vance Worley","pitcher",NA,NA,NA,NA,NA,NA,1.4,3.95,"6435",163,4.07,1.29,0,10,111
"393",644,"Roenis Elias","pitcher",NA,NA,NA,NA,NA,NA,1.4,3.93,"12673",153,4.04,1.33,0,10,129
"226",68,"Jonathan Schoop","second_base",466,52,15,53,5,0.226,0.58,3.91,NA,NA,NA,NA,NA,NA,NA
"394",241,"Henderson Alvarez","pitcher",NA,NA,NA,NA,NA,NA,1.38,3.89,"5669",163,3.88,1.3,0,10,101
"395",659,"Drew Pomeranz","pitcher",NA,NA,NA,NA,NA,NA,1.33,3.76,"11426",163,4.13,1.36,0,10,141
"396",5,"Andrew Miller","pitcher",NA,NA,NA,NA,NA,NA,1.33,3.74,"6785",65,2.39,1.03,7,4,88
"397",380,"James Paxton","pitcher",NA,NA,NA,NA,NA,NA,1.32,3.72,"11828",173,4.14,1.37,0,10,143
"398",1528,"Josh Collmenter","pitcher",NA,NA,NA,NA,NA,NA,1.26,3.56,"7312",188,4.38,1.32,0,10,132
"399",11,"Brad Boxberger","pitcher",NA,NA,NA,NA,NA,NA,1.26,3.55,"10133",65,2.51,1.09,9,4,84
"400",49,"Jenrry Mejia","pitcher",NA,NA,NA,NA,NA,NA,1.24,3.51,"8476",65,3.37,1.22,20,3,64
"401",506,"Wily Peralta","pitcher",NA,NA,NA,NA,NA,NA,1.18,3.33,"7738",173,4.24,1.36,0,10,139
"227",691,"Lonnie Chisenhall","third_base",358,44,12,47,2,0.262,0.36,3.17,NA,NA,NA,NA,NA,NA,NA
"402",1221,"Mark Buehrle","pitcher",NA,NA,NA,NA,NA,NA,1.12,3.16,"225",189,4.45,1.34,0,12,115
"228",484,"Asdrubal Cabrera","shortstop",444,54,11,51,7,0.243,0.34,3.1,NA,NA,NA,NA,NA,NA,NA
"403",815,"Vidal Nuno","pitcher",NA,NA,NA,NA,NA,NA,1.05,2.96,"9674",144,4.01,1.27,0,8,116
"229",798,"Danny Espinosa","second_base",514,53,13,54,9,0.219,0.27,2.87,NA,NA,NA,NA,NA,NA,NA
"230",2,"Christian Bethancourt","catcher",407,34,9,41,6,0.238,0.21,2.7,NA,NA,NA,NA,NA,NA,NA
"231",736,"Sam Fuld","outfield",452,52,5,42,18,0.232,0.19,2.63,NA,NA,NA,NA,NA,NA,NA
"232",568,"Jean Segura","shortstop",474,51,8,46,21,0.262,0.18,2.59,NA,NA,NA,NA,NA,NA,NA
"404",819,"Jorge de la Rosa","pitcher",NA,NA,NA,NA,NA,NA,0.9,2.55,"2047",192,4.48,1.4,0,11,148
"405",1287,"Danny Duffy","pitcher",NA,NA,NA,NA,NA,NA,0.8,2.25,"3542",144,3.97,1.35,0,9,118
"406",1355,"Nathan Eovaldi","pitcher",NA,NA,NA,NA,NA,NA,0.79,2.22,"9132",173,4.43,1.33,0,10,120
"233",148,"Jacob Lamb","third_base",420,45,12,49,3,0.25,0.05,2.16,NA,NA,NA,NA,NA,NA,NA
"234",258,"Grady Sizemore","outfield",447,47,10,45,7,0.239,-0.02,1.93,NA,NA,NA,NA,NA,NA,NA
"407",611,"Justin Masterson","pitcher",NA,NA,NA,NA,NA,NA,0.68,1.91,"2038",173,4.25,1.43,0,11,133
"408",1405,"Hector Santiago","pitcher",NA,NA,NA,NA,NA,NA,0.65,1.83,"4026",145,4.07,1.36,0,9,120
"409",59,"Yusmeiro Petit","pitcher",NA,NA,NA,NA,NA,NA,0.64,1.79,"4020",88,3.05,1.09,0,5,86
"410",742,"Ricky Nolasco","pitcher",NA,NA,NA,NA,NA,NA,0.62,1.74,"3830",173,4.56,1.33,0,10,121
"411",936,"Bud Norris","pitcher",NA,NA,NA,NA,NA,NA,0.49,1.38,"9492",125,4.04,1.29,0,8,106
"412",1493,"Trevor Bauer","pitcher",NA,NA,NA,NA,NA,NA,0.46,1.31,"12703",182,4.63,1.43,0,10,164
"235",319,"Dioner Navarro","catcher",235,28,7,30,1,0.263,-0.22,1.29,NA,NA,NA,NA,NA,NA,NA
"413",283,"Brandon Morrow","pitcher",NA,NA,NA,NA,NA,NA,0.41,1.16,"9346",125,4.01,1.29,0,7,113
"236",245,"Ryan Doumit","catcher",294,32,9,35,2,0.237,-0.26,1.14,NA,NA,NA,NA,NA,NA,NA
"414",1182,"Ryan Vogelsong","pitcher",NA,NA,NA,NA,NA,NA,0.4,1.12,"1011",163,4.44,1.35,0,9,124
"415",1522,"Jeremy Guthrie","pitcher",NA,NA,NA,NA,NA,NA,0.39,1.11,"2072",192,4.5,1.35,0,10,112
"237",317,"Domonic Brown","outfield",364,41,13,46,5,0.255,-0.28,1.08,NA,NA,NA,NA,NA,NA,NA
"416",55,"Bobby Parnell","pitcher",NA,NA,NA,NA,NA,NA,0.34,0.95,"9926",65,3.24,1.19,13,3,59
"417",13,"Wade Davis","pitcher",NA,NA,NA,NA,NA,NA,0.3,0.84,"7441",65,2.47,1.08,3,4,75
"238",437,"Juan Uribe","third_base",427,43,11,50,2,0.253,-0.37,0.8,NA,NA,NA,NA,NA,NA,NA
"418",628,"Kyle Hendricks","pitcher",NA,NA,NA,NA,NA,NA,0.24,0.68,"12049",134,4.14,1.29,0,8,95
"419",1870,"Travis Wood","pitcher",NA,NA,NA,NA,NA,NA,0.23,0.65,"9884",153,4.35,1.37,0,9,119
"420",636,"Chase Anderson","pitcher",NA,NA,NA,NA,NA,NA,0.22,0.62,"6895",125,4.06,1.29,0,7,106
"421",116,"Jim Henderson","pitcher",NA,NA,NA,NA,NA,NA,0.08,0.24,"6653",65,3.25,1.18,9,3,73
"422",420,"Kris Medlen","pitcher",NA,NA,NA,NA,NA,NA,0.05,0.13,"9417",112,3.85,1.24,0,7,79
"239",326,"Brayan Pena","catcher",325,30,5,32,3,0.25,-0.58,0.11,NA,NA,NA,NA,NA,NA,NA
"423",813,"Jesse Hahn","pitcher",NA,NA,NA,NA,NA,NA,0.02,0.05,"13287",144,4.33,1.38,0,9,112
"240",125,"Alex Rodriguez","third_base",362,45,12,45,5,0.235,-0.61,0.01,NA,NA,NA,NA,NA,NA,NA
"424",457,"Randall Delgado","pitcher",NA,NA,NA,NA,NA,NA,0,0,"5985",103,3.8,1.27,1,6,94
"425",1174,"Kyle Lohse","pitcher",NA,NA,NA,NA,NA,NA,-0.01,-0.02,"739",144,4.45,1.3,0,8,101
"426",544,"Trevor Cahill","pitcher",NA,NA,NA,NA,NA,NA,-0.03,-0.09,"6249",153,4.27,1.4,0,8,125
"427",123,"Joakim Soria","pitcher",NA,NA,NA,NA,NA,NA,-0.04,-0.12,"6941",65,3.23,1.17,8,4,59
"241",520,"Brandon Crawford","shortstop",529,52,9,53,5,0.234,-0.72,-0.35,NA,NA,NA,NA,NA,NA,NA
"428",1273,"Anthony DeSclafani","pitcher",NA,NA,NA,NA,NA,NA,-0.14,-0.38,"13050",144,4.47,1.31,0,7,112
"429",339,"Tsuyoshi Wada","pitcher",NA,NA,NA,NA,NA,NA,-0.15,-0.42,"13046",93,3.54,1.22,1,5,83
"242",782,"Justin Smoak","first_base",387,52,16,54,1,0.24,-0.75,-0.46,NA,NA,NA,NA,NA,NA,NA
"243",127,"Dalton Pompey","outfield",396,46,7,42,21,0.235,-0.75,-0.46,NA,NA,NA,NA,NA,NA,NA
"430",2101,"Colby Lewis","pitcher",NA,NA,NA,NA,NA,NA,-0.17,-0.47,"1259",153,4.67,1.35,0,9,112
"431",571,"Odrisamer Despaigne","pitcher",NA,NA,NA,NA,NA,NA,-0.17,-0.48,"16017",144,4.34,1.37,0,8,112
"432",45,"Will Smith","pitcher",NA,NA,NA,NA,NA,NA,-0.18,-0.51,"8048",74,3.14,1.18,2,4,83
"433",40,"Jason Grilli","pitcher",NA,NA,NA,NA,NA,NA,-0.18,-0.52,"521",65,2.67,1.11,3,3,74
"434",384,"Tyler Clippard","pitcher",NA,NA,NA,NA,NA,NA,-0.19,-0.52,"5640",65,3.08,1.19,6,4,65
"435",24,"Ken Giles","pitcher",NA,NA,NA,NA,NA,NA,-0.23,-0.64,"12910",65,2.81,1.16,3,3,84
"244",647,"J.P. Arencibia","catcher",314,33,13,40,1,0.209,-0.82,-0.69,NA,NA,NA,NA,NA,NA,NA
"245",511,"Francisco Cervelli","catcher",298,30,4,29,3,0.246,-0.87,-0.84,NA,NA,NA,NA,NA,NA,NA
"436",7,"Hunter Strickland","pitcher",NA,NA,NA,NA,NA,NA,-0.37,-1.06,"7836",55,2.48,1.06,4,3,61
"437",716,"Ivan Nova","pitcher",NA,NA,NA,NA,NA,NA,-0.39,-1.1,"1994",115,4.16,1.3,0,7,88
"438",1178,"Edinson Volquez","pitcher",NA,NA,NA,NA,NA,NA,-0.42,-1.19,"3990",163,4.57,1.41,0,9,117
"439",206,"Brandon Maurer","pitcher",NA,NA,NA,NA,NA,NA,-0.46,-1.28,"4878",84,3.67,1.25,4,4,78
"246",441,"Nick Swisher","first_base",415,53,14,50,1,0.234,-1.02,-1.35,NA,NA,NA,NA,NA,NA,NA
"247",126,"Brad Miller","shortstop",376,47,10,42,7,0.248,-1.07,-1.52,NA,NA,NA,NA,NA,NA,NA
"248",788,"Tyler Flowers","catcher",294,33,11,35,2,0.208,-1.09,-1.57,NA,NA,NA,NA,NA,NA,NA
"440",806,"Chad Billingsley","pitcher",NA,NA,NA,NA,NA,NA,-0.6,-1.68,"5842",125,4.32,1.34,0,7,95
"441",66,"Junichi Tazawa","pitcher",NA,NA,NA,NA,NA,NA,-0.63,-1.78,"4079",65,3.08,1.15,2,4,64
"442",219,"Darren O'Day","pitcher",NA,NA,NA,NA,NA,NA,-0.64,-1.81,"3321",65,3.12,1.14,2,4,63
"443",1238,"Scott Feldman","pitcher",NA,NA,NA,NA,NA,NA,-0.66,-1.87,"6283",189,4.94,1.4,0,10,119
"444",170,"Brett Anderson","pitcher",NA,NA,NA,NA,NA,NA,-0.67,-1.88,"8223",96,3.72,1.3,0,6,76
"445",80,"Mike Dunn","pitcher",NA,NA,NA,NA,NA,NA,-0.67,-1.89,"9948",65,2.96,1.19,3,3,71
"446",480,"Marco Gonzales","pitcher",NA,NA,NA,NA,NA,NA,-0.73,-2.06,"15467",93,3.61,1.28,0,5,78
"447",25,"Pedro Strop","pitcher",NA,NA,NA,NA,NA,NA,-0.74,-2.07,"4070",65,3.02,1.2,3,3,71
"249",150,"Jose Ramirez","shortstop",426,48,5,40,20,0.252,-1.25,-2.08,NA,NA,NA,NA,NA,NA,NA
"448",1581,"Brett Oberholtzer","pitcher",NA,NA,NA,NA,NA,NA,-0.75,-2.12,"3855",153,4.73,1.36,0,8,103
"449",2349,"Miguel Gonzalez","pitcher",NA,NA,NA,NA,NA,NA,-0.76,-2.13,"7024",134,4.56,1.36,0,8,93
"250",532,"Daniel Nava","outfield",285,38,6,33,3,0.265,-1.28,-2.2,NA,NA,NA,NA,NA,NA,NA
"450",619,"Jimmy Nelson","pitcher",NA,NA,NA,NA,NA,NA,-0.81,-2.28,"10547",111,4.24,1.35,0,6,99
"451",258,"Carlos Villanueva","pitcher",NA,NA,NA,NA,NA,NA,-0.82,-2.31,"4138",65,3.49,1.19,6,3,57
"251",291,"Zack Cozart","shortstop",500,48,9,48,4,0.24,-1.32,-2.33,NA,NA,NA,NA,NA,NA,NA
"452",1579,"Aaron Harang","pitcher",NA,NA,NA,NA,NA,NA,-0.84,-2.35,"1451",163,4.73,1.39,0,7,124
"252",621,"Freddy Galvis","third_base",484,44,11,48,5,0.226,-1.33,-2.36,NA,NA,NA,NA,NA,NA,NA
"453",145,"Joel Peralta","pitcher",NA,NA,NA,NA,NA,NA,-0.84,-2.36,"2332",55,2.94,1.12,4,3,57
"253",708,"Eric Sogard","second_base",396,44,4,37,13,0.25,-1.34,-2.39,NA,NA,NA,NA,NA,NA,NA
"454",988,"Ubaldo Jimenez","pitcher",NA,NA,NA,NA,NA,NA,-0.89,-2.51,"3374",112,4.23,1.37,0,6,100
"455",739,"Kyle Gibson","pitcher",NA,NA,NA,NA,NA,NA,-0.93,-2.61,"10123",153,4.54,1.43,0,9,97
"456",182,"Antonio Bastardo","pitcher",NA,NA,NA,NA,NA,NA,-0.93,-2.61,"8844",65,3.15,1.23,3,3,70
"457",30,"Shawn Kelley","pitcher",NA,NA,NA,NA,NA,NA,-0.93,-2.61,"7773",55,2.77,1.13,2,3,64
"254",56,"Ichiro Suzuki","outfield",381,38,4,34,12,0.267,-1.42,-2.66,NA,NA,NA,NA,NA,NA,NA
"458",413,"Juan Nicasio","pitcher",NA,NA,NA,NA,NA,NA,-0.97,-2.72,"7731",83,3.79,1.26,1,5,68
"459",296,"David Phelps","pitcher",NA,NA,NA,NA,NA,NA,-0.97,-2.74,"6316",92,3.8,1.31,0,5,81
"460",75,"Jean Machi","pitcher",NA,NA,NA,NA,NA,NA,-1.01,-2.86,"3220",65,3.2,1.2,4,3,55
"461",479,"Pat Neshek","pitcher",NA,NA,NA,NA,NA,NA,-1.05,-2.95,"4682",65,3.5,1.19,4,3,60
"462",713,"Gavin Floyd","pitcher",NA,NA,NA,NA,NA,NA,-1.05,-2.97,"3886",105,4.26,1.32,0,6,81
"463",536,"Jeff Locke","pitcher",NA,NA,NA,NA,NA,NA,-1.06,-2.98,"2929",115,4.2,1.39,0,7,83
"464",217,"Casey Fien","pitcher",NA,NA,NA,NA,NA,NA,-1.07,-3.01,"3926",65,3.31,1.18,3,3,59
"465",1014,"Shane Greene","pitcher",NA,NA,NA,NA,NA,NA,-1.08,-3.04,"10756",134,4.63,1.41,0,8,98
"255",312,"Mitch Moreland","first_base",384,48,15,51,2,0.244,-1.55,-3.09,NA,NA,NA,NA,NA,NA,NA
"256",77,"Michael Choice","outfield",310,39,10,38,3,0.243,-1.58,-3.17,NA,NA,NA,NA,NA,NA,NA
"466",191,"Josh Johnson","pitcher",NA,NA,NA,NA,NA,NA,-1.13,-3.18,"4567",86,3.97,1.28,0,5,76
"467",41,"Jordan Walden","pitcher",NA,NA,NA,NA,NA,NA,-1.17,-3.31,"3271",55,2.97,1.17,2,3,62
"468",26,"Jake Diekman","pitcher",NA,NA,NA,NA,NA,NA,-1.17,-3.31,"5003",55,3.05,1.2,2,3,68
"257",211,"Rickie Weeks","second_base",331,42,10,38,6,0.238,-1.62,-3.32,NA,NA,NA,NA,NA,NA,NA
"258",613,"Andy Dirks","outfield",314,37,8,35,5,0.257,-1.63,-3.32,NA,NA,NA,NA,NA,NA,NA
"469",21,"John Holdzkom","pitcher",NA,NA,NA,NA,NA,NA,-1.18,-3.33,"9392",55,2.81,1.15,1,3,62
"470",329,"Jesse Chavez","pitcher",NA,NA,NA,NA,NA,NA,-1.2,-3.39,"5448",78,3.81,1.26,0,5,67
"471",1037,"Joe Kelly","pitcher",NA,NA,NA,NA,NA,NA,-1.21,-3.4,"9761",144,4.65,1.45,0,9,96
"472",33,"Tony Watson","pitcher",NA,NA,NA,NA,NA,NA,-1.23,-3.46,"3132",55,2.81,1.11,1,3,54
"473",987,"Jerome Williams","pitcher",NA,NA,NA,NA,NA,NA,-1.24,-3.5,"1137",144,4.63,1.39,0,7,96
"474",2031,"Brad Peacock","pitcher",NA,NA,NA,NA,NA,NA,-1.25,-3.52,"5401",153,4.91,1.46,0,8,129
"475",119,"Randy Choate","pitcher",NA,NA,NA,NA,NA,NA,-1.26,-3.55,"813",65,3.27,1.25,4,3,53
"259",368,"Geovany Soto","catcher",272,28,9,32,2,0.224,-1.7,-3.57,NA,NA,NA,NA,NA,NA,NA
"476",161,"J.P. Howell","pitcher",NA,NA,NA,NA,NA,NA,-1.28,-3.6,"8245",65,3.36,1.27,4,3,58
"477",110,"Craig Stammen","pitcher",NA,NA,NA,NA,NA,NA,-1.28,-3.6,"7274",65,3.46,1.23,4,3,54
"478",1218,"Roberto Hernandez","pitcher",NA,NA,NA,NA,NA,NA,-1.28,-3.6,"3273",153,4.68,1.42,0,8,97
"479",63,"Charlie Furbush","pitcher",NA,NA,NA,NA,NA,NA,-1.29,-3.63,"1370",55,2.97,1.14,1,3,59
"480",107,"Oliver Perez","pitcher",NA,NA,NA,NA,NA,NA,-1.31,-3.68,"1514",55,3.09,1.19,2,3,61
"481",176,"Aaron Loup","pitcher",NA,NA,NA,NA,NA,NA,-1.31,-3.7,"10343",65,3.36,1.26,2,4,56
"260",34,"Adeiny Hechavarria","shortstop",549,47,4,48,9,0.248,-1.75,-3.74,NA,NA,NA,NA,NA,NA,NA
"482",100,"Luke Hochevar","pitcher",NA,NA,NA,NA,NA,NA,-1.33,-3.75,"6943",55,3.08,1.13,2,3,51
"483",132,"Zach Duke","pitcher",NA,NA,NA,NA,NA,NA,-1.33,-3.75,"3840",65,3.45,1.23,3,3,58
"484",51,"Danny Farquhar","pitcher",NA,NA,NA,NA,NA,NA,-1.34,-3.77,"8501",55,2.97,1.15,1,3,58
"485",99,"Jeurys Familia","pitcher",NA,NA,NA,NA,NA,NA,-1.34,-3.77,"5114",55,3.56,1.28,6,3,55
"486",39,"Matt Thornton","pitcher",NA,NA,NA,NA,NA,NA,-1.36,-3.83,"1918",55,2.96,1.16,2,3,51
"487",44,"Kevin Jepsen","pitcher",NA,NA,NA,NA,NA,NA,-1.36,-3.84,"6475",55,3.01,1.16,1,3,59
"488",34,"Kelvin Herrera","pitcher",NA,NA,NA,NA,NA,NA,-1.4,-3.94,"6033",55,2.91,1.16,1,3,55
"489",1813,"Franklin Morales","pitcher",NA,NA,NA,NA,NA,NA,-1.4,-3.94,"5088",144,4.7,1.45,0,8,102
"490",88,"Joe Smith","pitcher",NA,NA,NA,NA,NA,NA,-1.4,-3.94,"3281",65,3.27,1.22,2,3,55
"491",262,"Jason Motte","pitcher",NA,NA,NA,NA,NA,NA,-1.43,-4.03,"5861",55,3.56,1.22,5,3,49
"492",316,"T.J. House","pitcher",NA,NA,NA,NA,NA,NA,-1.46,-4.12,"9121",96,4.11,1.36,0,6,67
"493",157,"Jerry Blevins","pitcher",NA,NA,NA,NA,NA,NA,-1.47,-4.13,"7841",55,3.12,1.2,2,3,55
"494",229,"Blake Treinen","pitcher",NA,NA,NA,NA,NA,NA,-1.49,-4.19,"12572",83,3.86,1.3,0,5,60
"495",232,"Tony Sipp","pitcher",NA,NA,NA,NA,NA,NA,-1.5,-4.23,"8280",55,3.15,1.2,1,3,61
"496",159,"Tommy Hunter","pitcher",NA,NA,NA,NA,NA,NA,-1.52,-4.29,"1157",55,3.26,1.14,2,3,47
"497",647,"Daniel Norris","pitcher",NA,NA,NA,NA,NA,NA,-1.53,-4.31,"13475",78,4.03,1.36,0,5,78
"498",298,"Josh Tomlin","pitcher",NA,NA,NA,NA,NA,NA,-1.53,-4.32,"9388",68,3.73,1.19,0,4,55
"499",117,"Manny Parra","pitcher",NA,NA,NA,NA,NA,NA,-1.54,-4.34,"4279",55,3.26,1.21,2,3,56
"500",186,"Tyler Lyons","pitcher",NA,NA,NA,NA,NA,NA,-1.56,-4.38,"11334",63,3.48,1.2,0,4,53
"501",77,"Adam Ottavino","pitcher",NA,NA,NA,NA,NA,NA,-1.58,-4.44,"1247",55,3.38,1.21,2,3,57
"502",129,"Brad Ziegler","pitcher",NA,NA,NA,NA,NA,NA,-1.58,-4.44,"7293",65,3.29,1.3,4,3,46
"261",696,"Justin Ruggiano","outfield",315,38,10,37,7,0.239,-1.97,-4.46,NA,NA,NA,NA,NA,NA,NA
"503",658,"Sam LeCure","pitcher",NA,NA,NA,NA,NA,NA,-1.61,-4.53,"4664",65,3.89,1.3,5,3,54
"504",115,"Ryan Cook","pitcher",NA,NA,NA,NA,NA,NA,-1.62,-4.56,"8855",55,3.28,1.22,2,3,54
"505",171,"Tom Wilhelmsen","pitcher",NA,NA,NA,NA,NA,NA,-1.63,-4.59,"9975",65,3.64,1.27,2,3,62
"262",493,"Anthony Gose","outfield",347,41,5,34,20,0.236,-2.02,-4.61,NA,NA,NA,NA,NA,NA,NA
"263",562,"John Jaso","catcher",181,24,4,20,2,0.249,-2.04,-4.67,NA,NA,NA,NA,NA,NA,NA
"506",890,"Jordan Lyles","pitcher",NA,NA,NA,NA,NA,NA,-1.66,-4.69,"7593",115,4.6,1.42,0,7,81
"507",1471,"Aaron Sanchez","pitcher",NA,NA,NA,NA,NA,NA,-1.67,-4.69,"11490",150,4.83,1.53,1,8,122
"264",103,"Cody Asche","third_base",327,35,11,39,3,0.254,-2.06,-4.73,NA,NA,NA,NA,NA,NA,NA
"508",321,"Bryan Shaw","pitcher",NA,NA,NA,NA,NA,NA,-1.68,-4.73,"8110",65,3.86,1.29,4,3,55
"509",509,"Shawn Tolleson","pitcher",NA,NA,NA,NA,NA,NA,-1.7,-4.78,"10481",65,3.8,1.3,3,3,61
"510",126,"Al Alburquerque","pitcher",NA,NA,NA,NA,NA,NA,-1.7,-4.79,"6324",55,3.49,1.25,2,3,59
"265",506,"Justin Turner","third_base",327,36,5,34,4,0.264,-2.08,-4.81,NA,NA,NA,NA,NA,NA,NA
"511",1509,"Kevin Correia","pitcher",NA,NA,NA,NA,NA,NA,-1.71,-4.81,"1767",153,4.9,1.41,0,8,86
"266",72,"Jake Marisnick","outfield",366,39,9,39,13,0.234,-2.09,-4.83,NA,NA,NA,NA,NA,NA,NA
"512",78,"Dominic Leone","pitcher",NA,NA,NA,NA,NA,NA,-1.72,-4.84,"13763",40,3.22,1.22,7,2,40
"513",108,"Boone Logan","pitcher",NA,NA,NA,NA,NA,NA,-1.72,-4.85,"5525",55,3.49,1.25,2,3,58
"514",603,"J.J. Hoover","pitcher",NA,NA,NA,NA,NA,NA,-1.73,-4.86,"9037",55,3.32,1.23,1,3,58
"515",1947,"Alfredo Simon","pitcher",NA,NA,NA,NA,NA,NA,-1.76,-4.96,"2155",144,4.9,1.42,0,8,85
